Date,IBMrange,Lag1,Lag2
1/5/2006,1.650,1.170,2.740
1/6/2006,1.620,1.650,2.170
1/9/2006,0.870,1.620,2.650
1/10/2006,1.000,0.870,2.620
1/11/2006,1.410,1.000,1.870
1/12/2006,0.560,1.410,2.000
1/13/2006,0.950,0.560,2.410
1/17/2006,0.620,0.950,1.560
1/18/2006,1.180,0.620,1.950
1/19/2006,1.370,1.180,1.620
1/20/2006,1.800,1.370,2.180
1/23/2006,1.000,1.800,2.370
1/24/2006,1.350,1.000,2.800
1/25/2006,1.010,1.350,2.000
1/26/2006,1.060,1.010,2.350
1/27/2006,1.020,1.060,2.010
1/30/2006,1.600,1.020,2.060
1/31/2006,0.830,1.600,2.020
2/1/2006,1.590,0.830,2.600
2/2/2006,0.690,1.590,1.830
2/3/2006,1.050,0.690,2.590
2/6/2006,1.020,1.050,1.690
2/7/2006,0.890,1.020,2.050
2/8/2006,0.660,0.890,2.020
2/9/2006,1.300,0.660,1.890
2/10/2006,1.260,1.300,1.660
2/13/2006,1.730,1.260,2.300
2/14/2006,1.100,1.730,2.260
2/15/2006,1.000,1.100,2.730
2/16/2006,0.780,1.000,2.100
2/17/2006,0.900,0.780,2.000
2/21/2006,0.780,0.900,1.780
2/22/2006,1.680,0.780,1.900
2/23/2006,1.300,1.680,1.780
2/24/2006,0.800,1.300,2.680
2/27/2006,0.940,0.800,2.300
2/28/2006,0.840,0.940,1.800
3/1/2006,1.030,0.840,1.940
3/2/2006,0.670,1.030,1.840
3/3/2006,1.320,0.670,2.030
3/6/2006,0.740,1.320,1.670
3/7/2006,0.930,0.740,2.320
3/8/2006,1.350,0.930,1.740
3/9/2006,1.180,1.350,1.930
3/10/2006,1.220,1.180,2.350
3/13/2006,0.950,1.220,2.180
3/14/2006,1.520,0.950,2.220
3/15/2006,1.120,1.520,1.950
3/16/2006,1.110,1.120,2.520
3/17/2006,0.590,1.110,2.120
3/20/2006,0.760,0.590,2.110
3/21/2006,1.410,0.760,1.590
3/22/2006,1.330,1.410,1.760
3/23/2006,1.340,1.330,2.410
3/24/2006,0.730,1.340,2.330
3/27/2006,0.680,0.730,2.340
3/28/2006,1.100,0.680,1.730
3/29/2006,1.350,1.100,1.680
3/30/2006,0.870,1.350,2.100
3/31/2006,1.310,0.870,2.350
4/3/2006,0.940,1.310,1.870
4/4/2006,0.980,0.940,2.310
4/5/2006,1.130,0.980,1.940
4/6/2006,0.960,1.130,1.980
4/7/2006,1.360,0.960,2.130
4/10/2006,0.740,1.360,1.960
4/11/2006,1.310,0.740,2.360
4/12/2006,0.740,1.310,1.740
4/13/2006,1.480,0.740,2.310
4/17/2006,1.520,1.480,1.740
4/18/2006,1.830,1.520,2.480
4/19/2006,2.740,1.830,2.520
4/20/2006,1.210,2.740,2.830
4/21/2006,1.120,1.210,3.740
4/24/2006,1.310,1.120,2.210
4/25/2006,1.300,1.310,2.120
4/26/2006,0.770,1.300,2.310
4/27/2006,1.700,0.770,2.300
4/28/2006,1.640,1.700,1.770
5/1/2006,1.210,1.640,2.700
5/2/2006,0.740,1.210,2.640
5/3/2006,0.840,0.740,2.210
5/4/2006,0.690,0.840,1.740
5/5/2006,0.640,0.690,1.840
5/8/2006,0.920,0.640,1.690
5/9/2006,0.880,0.920,1.640
5/10/2006,0.730,0.880,1.920
5/11/2006,0.640,0.730,1.880
5/12/2006,1.390,0.640,1.730
5/15/2006,1.350,1.390,1.640
5/16/2006,1.180,1.350,2.390
5/17/2006,1.190,1.180,2.350
5/18/2006,1.320,1.190,2.180
5/19/2006,1.490,1.320,2.190
5/22/2006,0.940,1.490,2.320
5/23/2006,1.660,0.940,2.490
5/24/2006,0.980,1.660,1.940
5/25/2006,0.530,0.980,2.660
5/26/2006,1.160,0.530,1.980
5/30/2006,0.810,1.160,1.530
5/31/2006,1.220,0.810,2.160
6/1/2006,1.060,1.220,1.810
6/2/2006,1.410,1.060,2.220
6/5/2006,1.030,1.410,2.060
6/6/2006,1.400,1.030,2.410
6/7/2006,1.620,1.400,2.030
6/8/2006,2.830,1.620,2.400
6/9/2006,1.050,2.830,2.620
6/12/2006,1.080,1.050,3.830
6/13/2006,1.110,1.080,2.050
6/14/2006,0.920,1.110,2.080
6/15/2006,1.830,0.920,2.110
6/16/2006,0.960,1.830,1.920
6/19/2006,0.960,0.960,2.830
6/20/2006,1.050,0.960,1.960
6/21/2006,0.580,1.050,1.960
6/22/2006,1.370,0.580,2.050
6/23/2006,0.900,1.370,1.580
6/26/2006,0.720,0.900,2.370
6/27/2006,1.280,0.720,1.900
6/28/2006,0.540,1.280,1.720
6/29/2006,1.240,0.540,2.280
6/30/2006,1.140,1.240,1.540
7/3/2006,1.000,1.140,2.240
7/5/2006,0.870,1.000,2.140
7/6/2006,0.960,0.870,2.000
7/7/2006,1.970,0.960,1.870
7/10/2006,0.960,1.970,1.960
7/11/2006,1.210,0.960,2.970
7/12/2006,1.480,1.210,1.960
7/13/2006,1.450,1.480,2.210
7/14/2006,0.930,1.450,2.480
7/17/2006,0.740,0.930,2.450
7/18/2006,1.690,0.740,1.930
7/19/2006,1.060,1.690,1.740
7/20/2006,0.680,1.060,2.690
7/21/2006,1.000,0.680,2.060
7/24/2006,1.230,1.000,1.680
7/25/2006,1.100,1.230,2.000
7/26/2006,0.940,1.100,2.230
7/27/2006,1.540,0.940,2.100
7/28/2006,1.040,1.540,1.940
7/31/2006,1.350,1.040,2.540
8/1/2006,1.630,1.350,2.040
8/2/2006,0.730,1.630,2.350
8/3/2006,1.330,0.730,2.630
8/4/2006,1.450,1.330,1.730
8/7/2006,0.920,1.450,2.330
8/8/2006,1.150,0.920,2.450
8/9/2006,0.890,1.150,1.920
8/10/2006,1.030,0.890,2.150
8/11/2006,0.580,1.030,1.890
8/14/2006,1.890,0.580,2.030
8/15/2006,0.830,1.890,1.580
8/16/2006,1.930,0.830,2.890
8/17/2006,1.030,1.930,1.830
8/18/2006,1.340,1.030,2.930
8/21/2006,1.010,1.340,2.030
8/22/2006,0.940,1.010,2.340
8/23/2006,1.050,0.940,2.010
8/24/2006,0.630,1.050,1.940
8/25/2006,0.860,0.630,2.050
8/28/2006,0.710,0.860,1.630
8/29/2006,1.420,0.710,1.860
8/30/2006,0.840,1.420,1.710
8/31/2006,0.720,0.840,2.420
9/1/2006,0.760,0.720,1.840
9/5/2006,0.940,0.760,1.720
9/6/2006,0.520,0.940,1.760
9/7/2006,1.070,0.520,1.940
9/8/2006,1.510,1.070,1.520
9/11/2006,0.950,1.510,2.070
9/12/2006,1.440,0.950,2.510
9/13/2006,0.860,1.440,1.950
9/14/2006,1.260,0.860,2.440
9/15/2006,0.800,1.260,1.860
9/18/2006,1.040,0.800,2.260
9/19/2006,0.670,1.040,1.800
9/20/2006,1.590,0.670,2.040
9/21/2006,1.900,1.590,1.670
9/22/2006,1.110,1.900,2.590
9/25/2006,1.000,1.110,2.900
9/26/2006,0.960,1.000,2.110
9/27/2006,0.960,0.960,2.000
9/28/2006,0.630,0.960,1.960
9/29/2006,1.020,0.630,1.960
10/2/2006,0.890,1.020,1.630
10/3/2006,0.700,0.890,2.020
10/4/2006,1.620,0.700,1.890
10/5/2006,0.610,1.620,1.700
10/6/2006,1.280,0.610,2.620
10/9/2006,1.080,1.280,1.610
10/10/2006,1.070,1.080,2.280
10/11/2006,0.900,1.070,2.080
10/12/2006,0.800,0.900,2.070
10/13/2006,1.770,0.800,1.900
10/16/2006,1.850,1.770,1.800
10/17/2006,1.720,1.850,2.770
10/18/2006,2.310,1.720,2.850
10/19/2006,1.670,2.310,2.720
10/20/2006,1.150,1.670,3.310
10/23/2006,1.990,1.150,2.670
10/24/2006,1.150,1.990,2.150
10/25/2006,1.050,1.150,2.990
10/26/2006,0.680,1.050,2.150
10/27/2006,1.310,0.680,2.050
10/30/2006,2.200,1.310,1.680
10/31/2006,1.180,2.200,2.310
11/1/2006,1.180,1.180,3.200
11/2/2006,0.700,1.180,2.180
11/3/2006,1.160,0.700,2.180
11/6/2006,1.240,1.160,1.700
11/7/2006,0.990,1.240,2.160
11/8/2006,0.910,0.990,2.240
11/9/2006,0.820,0.910,1.990
11/10/2006,0.720,0.820,1.910
11/13/2006,1.020,0.720,1.820
11/14/2006,1.640,1.020,1.720
11/15/2006,0.740,1.640,2.020
11/16/2006,1.000,0.740,2.640
11/17/2006,0.740,1.000,1.740
11/20/2006,0.790,0.740,2.000
11/21/2006,0.580,0.790,1.740
11/22/2006,0.940,0.580,1.790
11/24/2006,0.770,0.940,1.580
11/27/2006,2.120,0.770,1.940
11/28/2006,1.140,2.120,1.770
11/29/2006,0.650,1.140,3.120
11/30/2006,1.230,0.650,2.140
12/1/2006,1.360,1.230,1.650
12/4/2006,1.700,1.360,2.230
12/5/2006,1.200,1.700,2.360
12/6/2006,0.860,1.200,2.700
12/7/2006,0.880,0.860,2.200
12/8/2006,0.920,0.880,1.860
12/11/2006,0.790,0.920,1.880
12/12/2006,1.550,0.790,1.920
12/13/2006,0.830,1.550,1.790
12/14/2006,1.180,0.830,2.550
12/15/2006,0.750,1.180,1.830
12/18/2006,1.360,0.750,2.180
12/19/2006,1.480,1.360,1.750
12/20/2006,0.800,1.480,2.360
12/21/2006,0.970,0.800,2.480
12/22/2006,0.740,0.970,1.800
12/26/2006,0.890,0.740,1.970
12/27/2006,0.960,0.890,1.740
12/28/2006,0.530,0.960,1.890
12/29/2006,1.050,0.530,1.960
1/3/2007,2.140,1.050,1.530
1/4/2007,1.910,2.140,2.050
1/5/2007,1.040,1.910,3.140
1/8/2007,1.150,1.040,2.910
1/9/2007,1.260,1.150,2.040
1/10/2007,1.120,1.260,2.150
1/11/2007,1.400,1.120,2.260
1/12/2007,1.190,1.400,2.120
1/16/2007,1.540,1.190,2.400
1/17/2007,1.000,1.540,2.190
1/18/2007,1.040,1.000,2.540
1/19/2007,2.300,1.040,2.000
1/22/2007,1.110,2.300,2.040
1/23/2007,1.180,1.110,3.300
1/24/2007,1.000,1.180,2.110
1/25/2007,0.700,1.000,2.180
1/26/2007,0.990,0.700,2.000
1/29/2007,1.210,0.990,1.700
1/30/2007,0.950,1.210,1.990
1/31/2007,1.130,0.950,2.210
2/1/2007,1.220,1.130,1.950
2/2/2007,0.850,1.220,2.130
2/5/2007,1.540,0.850,2.220
2/6/2007,0.860,1.540,1.850
2/7/2007,1.240,0.860,2.540
2/8/2007,1.090,1.240,1.860
2/9/2007,1.890,1.090,2.240
2/12/2007,0.980,1.890,2.090
2/13/2007,0.940,0.980,2.890
2/14/2007,1.180,0.940,1.980
2/15/2007,1.040,1.180,1.940
2/16/2007,0.620,1.040,2.180
2/20/2007,0.910,0.620,2.040
2/21/2007,0.670,0.910,1.620
2/22/2007,1.730,0.670,1.910
2/23/2007,1.030,1.730,1.670
2/26/2007,1.400,1.030,2.730
2/27/2007,3.130,1.400,2.030
2/28/2007,1.620,3.130,2.400
3/1/2007,4.280,1.620,4.130
3/2/2007,1.530,4.280,2.620
3/5/2007,2.050,1.530,5.280
3/6/2007,1.630,2.050,2.530
3/7/2007,1.230,1.630,3.050
3/8/2007,2.300,1.230,2.630
3/9/2007,1.180,2.300,2.230
3/12/2007,1.200,1.180,3.300
3/13/2007,1.850,1.200,2.180
3/14/2007,1.930,1.850,2.200
3/15/2007,0.870,1.930,2.850
3/16/2007,1.430,0.870,2.930
3/19/2007,0.930,1.430,1.870
3/20/2007,0.980,0.930,2.430
3/21/2007,1.980,0.980,1.930
3/22/2007,0.790,1.980,1.980
3/23/2007,0.570,0.790,2.980
3/26/2007,0.930,0.570,1.790
3/27/2007,0.830,0.930,1.570
3/28/2007,1.220,0.830,1.930
3/29/2007,1.150,1.220,1.830
3/30/2007,1.180,1.150,2.220
4/2/2007,1.440,1.180,2.150
4/3/2007,0.900,1.440,2.180
4/4/2007,0.880,0.900,2.440
4/5/2007,1.000,0.880,1.900
4/9/2007,0.820,1.000,1.880
4/10/2007,0.640,0.820,2.000
4/11/2007,1.750,0.640,1.820
4/12/2007,1.290,1.750,1.640
4/13/2007,1.160,1.290,2.750
4/16/2007,1.580,1.160,2.290
4/17/2007,1.640,1.580,2.160
4/18/2007,1.510,1.640,2.580
4/19/2007,0.870,1.510,2.640
4/20/2007,1.240,0.870,2.510
4/23/2007,0.680,1.240,1.870
4/24/2007,2.670,0.680,2.240
4/25/2007,2.970,2.670,1.680
4/26/2007,1.290,2.970,3.670
4/27/2007,1.110,1.290,3.970
4/30/2007,2.030,1.110,2.290
5/1/2007,1.120,2.030,2.110
5/2/2007,1.010,1.120,3.030
5/3/2007,1.650,1.010,2.120
5/4/2007,0.780,1.650,2.010
5/7/2007,0.770,0.780,2.650
5/8/2007,1.180,0.770,1.780
5/9/2007,1.050,1.180,1.770
5/10/2007,1.400,1.050,2.180
5/11/2007,1.320,1.400,2.050
5/14/2007,1.460,1.320,2.400
5/15/2007,1.100,1.460,2.320
5/16/2007,1.360,1.100,2.460
5/17/2007,1.500,1.360,2.100
5/18/2007,2.450,1.500,2.360
5/21/2007,1.130,2.450,2.500
5/22/2007,1.240,1.130,3.450
5/23/2007,1.750,1.240,2.130
5/24/2007,2.410,1.750,2.240
5/25/2007,1.580,2.410,2.750
5/29/2007,1.330,1.580,3.410
5/30/2007,1.890,1.330,2.580
5/31/2007,1.670,1.890,2.330
6/1/2007,1.220,1.670,2.890
6/4/2007,1.010,1.220,2.670
6/5/2007,1.010,1.010,2.220
6/6/2007,3.120,1.010,2.010
6/7/2007,1.610,3.120,2.010
6/8/2007,1.460,1.610,4.120
6/11/2007,1.500,1.460,2.610
6/12/2007,1.030,1.500,2.460
6/13/2007,1.160,1.030,2.500
6/14/2007,1.430,1.160,2.030
6/15/2007,1.310,1.430,2.160
6/18/2007,0.760,1.310,2.430
6/19/2007,1.760,0.760,2.310
6/20/2007,1.070,1.760,1.760
6/21/2007,1.390,1.070,2.760
6/22/2007,2.000,1.390,2.070
6/25/2007,1.270,2.000,2.390
6/26/2007,1.240,1.270,3.000
6/27/2007,1.070,1.240,2.270
6/28/2007,1.700,1.070,2.240
6/29/2007,2.480,1.700,2.070
7/2/2007,1.220,2.480,2.700
7/3/2007,1.840,1.220,3.480
7/5/2007,2.410,1.840,2.220
7/6/2007,2.000,2.410,2.840
7/9/2007,1.150,2.000,3.410
7/10/2007,0.900,1.150,3.000
7/11/2007,1.350,0.900,2.150
7/12/2007,1.430,1.350,1.900
7/13/2007,1.100,1.430,2.350
7/16/2007,1.620,1.100,2.430
7/17/2007,2.020,1.620,2.100
7/18/2007,1.840,2.020,2.620
7/19/2007,1.830,1.840,3.020
7/20/2007,1.920,1.830,2.840
7/23/2007,1.580,1.920,2.830
7/24/2007,1.980,1.580,2.920
7/25/2007,3.140,1.980,2.580
7/26/2007,3.300,3.140,2.980
7/27/2007,2.330,3.300,4.140
7/30/2007,2.230,2.330,4.300
7/31/2007,4.700,2.230,3.330
8/1/2007,2.670,4.700,3.230
8/2/2007,2.550,2.670,5.700
8/3/2007,2.480,2.550,3.670
8/6/2007,2.190,2.480,3.550
8/7/2007,1.920,2.190,3.480
8/8/2007,2.340,1.920,3.190
8/9/2007,3.760,2.340,2.920
8/10/2007,3.800,3.760,3.340
8/13/2007,1.640,3.800,4.760
8/14/2007,1.410,1.640,4.800
8/15/2007,2.940,1.410,2.640
8/16/2007,7.720,2.940,2.410
8/17/2007,4.010,7.720,3.940
8/20/2007,1.970,4.010,8.720
8/21/2007,2.030,1.970,5.010
8/22/2007,1.350,2.030,2.970
8/23/2007,1.670,1.350,3.030
8/24/2007,2.440,1.670,2.350
8/27/2007,1.050,2.440,2.670
8/28/2007,1.960,1.050,3.440
8/29/2007,2.910,1.960,2.050
8/30/2007,2.380,2.910,2.960
8/31/2007,1.800,2.380,3.910
9/4/2007,2.740,1.800,3.380
9/5/2007,1.600,2.740,2.800
9/6/2007,2.510,1.600,3.740
9/7/2007,1.640,2.510,2.600
9/10/2007,2.180,1.640,3.510
9/11/2007,1.740,2.180,2.640
9/12/2007,1.710,1.740,3.180
9/13/2007,1.260,1.710,2.740
9/14/2007,1.350,1.260,2.710
9/17/2007,0.950,1.350,2.260
9/18/2007,1.950,0.950,2.350
9/19/2007,1.410,1.950,1.950
9/20/2007,1.450,1.410,2.950
9/21/2007,1.750,1.450,2.410
9/24/2007,1.580,1.750,2.450
9/25/2007,1.800,1.580,2.750
9/26/2007,1.330,1.800,2.580
9/27/2007,1.170,1.330,2.800
9/28/2007,1.400,1.170,2.330
10/1/2007,2.000,1.400,2.170
10/2/2007,1.460,2.000,2.400
10/3/2007,1.560,1.460,3.000
10/4/2007,1.750,1.560,2.460
10/5/2007,1.240,1.750,2.560
10/8/2007,2.350,1.240,2.750
10/9/2007,2.080,2.350,2.240
10/10/2007,1.120,2.080,3.350
10/11/2007,4.090,1.120,3.080
10/12/2007,1.610,4.090,2.120
10/15/2007,1.620,1.610,5.090
10/16/2007,2.440,1.620,2.610
10/17/2007,3.860,2.440,2.620
10/18/2007,1.970,3.860,3.440
10/19/2007,3.130,1.970,4.860
10/22/2007,2.920,3.130,2.970
10/23/2007,1.300,2.920,4.130
10/24/2007,2.770,1.300,3.920
10/25/2007,2.710,2.770,2.300
10/26/2007,1.930,2.710,3.770
10/29/2007,1.160,1.930,3.710
10/30/2007,1.150,1.160,2.930
10/31/2007,2.970,1.150,2.160
11/1/2007,2.770,2.970,2.150
11/2/2007,1.580,2.770,3.970
11/5/2007,2.280,1.580,3.770
11/6/2007,2.280,2.280,2.580
11/7/2007,2.740,2.280,3.280
11/8/2007,6.330,2.740,3.280
11/9/2007,5.650,6.330,3.740
11/12/2007,3.490,5.650,7.330
11/13/2007,3.240,3.490,6.650
11/14/2007,3.580,3.240,4.490
11/15/2007,2.590,3.580,4.240
11/16/2007,1.750,2.590,4.580
11/19/2007,4.050,1.750,3.590
11/20/2007,3.590,4.050,2.750
11/21/2007,2.680,3.590,5.050
11/23/2007,1.820,2.680,4.590
11/26/2007,3.430,1.820,3.680
11/27/2007,3.080,3.430,2.820
11/28/2007,3.910,3.080,4.430
11/29/2007,1.620,3.910,4.080
11/30/2007,5.260,1.620,4.910
12/3/2007,2.560,5.260,2.620
12/4/2007,2.700,2.560,6.260
12/5/2007,1.540,2.700,3.560
12/6/2007,2.070,1.540,3.700
12/7/2007,2.050,2.070,2.540
12/10/2007,1.260,2.050,3.070
12/11/2007,3.940,1.260,3.050
12/12/2007,2.820,3.940,2.260
12/13/2007,1.700,2.820,4.940
12/14/2007,3.460,1.700,3.820
12/17/2007,1.990,3.460,2.700
12/18/2007,2.840,1.990,4.460
12/19/2007,2.510,2.840,2.990
12/20/2007,1.880,2.510,3.840
12/21/2007,2.010,1.880,3.510
12/24/2007,1.450,2.010,2.880
12/26/2007,1.290,1.450,3.010
12/27/2007,1.810,1.290,2.450
12/28/2007,1.650,1.810,2.290
12/31/2007,2.740,1.650,2.810
1/2/2008,4.820,2.740,2.650
1/3/2008,1.590,4.820,3.740
1/4/2008,3.470,1.590,5.820
1/7/2008,1.970,3.470,2.590
1/8/2008,3.210,1.970,4.470
1/9/2008,1.990,3.210,2.970
1/10/2008,3.710,1.990,4.210
1/11/2008,2.420,3.710,2.990
1/14/2008,4.260,2.420,4.710
1/15/2008,3.410,4.260,3.420
1/16/2008,2.720,3.410,5.260
1/17/2008,3.400,2.720,4.410
1/18/2008,4.220,3.400,3.720
1/22/2008,4.540,4.220,4.400
1/23/2008,7.840,4.540,5.220
1/24/2008,2.830,7.840,5.540
1/25/2008,3.690,2.830,8.840
1/28/2008,1.940,3.690,3.830
1/29/2008,2.200,1.940,4.690
1/30/2008,2.790,2.200,2.940
1/31/2008,4.270,2.790,3.200
2/1/2008,3.540,4.270,3.790
2/4/2008,1.770,3.540,5.270
2/5/2008,3.370,1.770,4.540
2/6/2008,2.910,3.370,2.770
2/7/2008,3.400,2.910,4.370
2/8/2008,1.600,3.400,3.910
2/11/2008,2.680,1.600,4.400
2/12/2008,2.630,2.680,2.600
2/13/2008,2.130,2.630,3.680
2/14/2008,3.000,2.130,3.630
2/15/2008,1.250,3.000,3.130
2/19/2008,2.980,1.250,4.000
2/20/2008,3.680,2.980,2.250
2/21/2008,3.170,3.680,3.980
2/22/2008,2.770,3.170,4.680
2/25/2008,2.890,2.770,4.170
2/26/2008,5.940,2.890,3.770
2/27/2008,3.720,5.940,3.890
2/28/2008,1.340,3.720,6.940
2/29/2008,1.790,1.340,4.720
3/3/2008,1.330,1.790,2.340
3/4/2008,2.970,1.330,2.790
3/5/2008,2.160,2.970,2.330
3/6/2008,2.900,2.160,3.970
3/7/2008,2.950,2.900,3.160
3/10/2008,2.870,2.950,3.900
3/11/2008,2.520,2.870,3.950
3/12/2008,2.890,2.520,3.870
3/13/2008,3.140,2.890,3.520
3/14/2008,3.830,3.140,3.890
3/17/2008,4.040,3.830,4.140
3/18/2008,4.620,4.040,4.830
3/19/2008,1.850,4.620,5.040
3/20/2008,1.830,1.850,5.620
3/24/2008,1.660,1.830,2.850
3/25/2008,1.950,1.660,2.830
3/26/2008,3.010,1.950,2.660
3/27/2008,1.690,3.010,2.950
3/28/2008,2.540,1.690,4.010
3/31/2008,2.530,2.540,2.690
4/1/2008,3.400,2.530,3.540
4/2/2008,2.900,3.400,3.530
4/3/2008,2.960,2.900,4.400
4/4/2008,1.980,2.960,3.900
4/7/2008,1.550,1.980,3.960
4/8/2008,1.600,1.550,2.980
4/9/2008,2.000,1.600,2.550
4/10/2008,2.340,2.000,2.600
4/11/2008,2.290,2.340,3.000
4/14/2008,1.990,2.290,3.340
4/15/2008,2.130,1.990,3.290
4/16/2008,3.300,2.130,2.990
4/17/2008,3.020,3.300,3.130
4/18/2008,1.850,3.020,4.300
4/21/2008,2.460,1.850,4.020
4/22/2008,1.340,2.460,2.850
4/23/2008,2.140,1.340,3.460
4/24/2008,2.170,2.140,2.340
4/25/2008,2.440,2.170,3.140
4/28/2008,1.410,2.440,3.170
4/29/2008,1.160,1.410,3.440
4/30/2008,3.000,1.160,2.410
5/1/2008,3.370,3.000,2.160
5/2/2008,2.240,3.370,4.000
5/5/2008,1.510,2.240,4.370
5/6/2008,2.560,1.510,3.240
5/7/2008,2.570,2.560,2.510
5/8/2008,1.470,2.570,3.560
5/9/2008,1.020,1.470,3.570
5/12/2008,2.430,1.020,2.470
5/13/2008,1.670,2.430,2.020
5/14/2008,2.630,1.670,3.430
5/15/2008,1.780,2.630,2.670
5/16/2008,1.680,1.780,3.630
5/19/2008,2.160,1.680,2.780
5/20/2008,1.600,2.160,2.680
5/21/2008,3.380,1.600,3.160
5/22/2008,1.800,3.380,2.600
5/23/2008,1.140,1.800,4.380
5/27/2008,3.380,1.140,2.800
5/28/2008,2.550,3.380,2.140
5/29/2008,1.330,2.550,4.380
5/30/2008,1.190,1.330,3.550
6/2/2008,2.670,1.190,2.330
6/3/2008,1.540,2.670,2.190
6/4/2008,2.050,1.540,3.670
6/5/2008,1.840,2.050,2.540
6/6/2008,3.400,1.840,3.050
6/9/2008,2.120,3.400,2.840
6/10/2008,2.090,2.120,4.400
6/11/2008,3.040,2.090,3.120
6/12/2008,1.960,3.040,3.090
6/13/2008,2.420,1.960,4.040
6/16/2008,2.490,2.420,2.960
6/17/2008,2.480,2.490,3.420
6/18/2008,1.730,2.480,3.490
6/19/2008,3.260,1.730,3.480
6/20/2008,2.520,3.260,2.730
6/23/2008,2.100,2.520,4.260
6/24/2008,2.350,2.100,3.520
6/25/2008,2.630,2.350,3.100
6/26/2008,3.060,2.630,3.350
6/27/2008,3.790,3.060,3.630
6/30/2008,2.070,3.790,4.060
7/1/2008,2.760,2.070,4.790
7/2/2008,2.430,2.760,3.070
7/3/2008,2.890,2.430,3.760
7/7/2008,3.020,2.890,3.430
7/8/2008,3.440,3.020,3.890
7/9/2008,4.100,3.440,4.020
7/10/2008,2.880,4.100,4.440
7/11/2008,3.170,2.880,5.100
7/14/2008,3.010,3.170,3.880
7/15/2008,4.600,3.010,4.170
7/16/2008,4.640,4.600,4.010
7/17/2008,2.960,4.640,5.600
7/18/2008,4.580,2.960,5.640
7/21/2008,2.260,4.580,3.960
7/22/2008,2.740,2.260,5.580
7/23/2008,2.040,2.740,3.260
7/24/2008,2.130,2.040,3.740
7/25/2008,1.900,2.130,3.040
7/28/2008,2.310,1.900,3.130
7/29/2008,1.920,2.310,2.900
7/30/2008,1.910,1.920,3.310
7/31/2008,1.760,1.910,2.920
8/1/2008,3.020,1.760,2.910
8/4/2008,1.850,3.020,2.760
8/5/2008,1.820,1.850,4.020
8/6/2008,1.750,1.820,2.850
8/7/2008,2.070,1.750,2.820
8/8/2008,2.250,2.070,2.750
8/11/2008,2.680,2.250,3.070
8/12/2008,2.100,2.680,3.250
8/13/2008,2.240,2.100,3.680
8/14/2008,3.450,2.240,3.100
8/15/2008,1.840,3.450,3.240
8/18/2008,3.320,1.840,4.450
8/19/2008,2.780,3.320,2.840
8/20/2008,1.960,2.780,4.320
8/21/2008,1.880,1.960,3.780
8/22/2008,2.550,1.880,2.960
8/25/2008,2.230,2.550,2.880
8/26/2008,1.350,2.230,3.550
8/27/2008,2.670,1.350,3.230
8/28/2008,1.870,2.670,2.350
8/29/2008,2.360,1.870,3.670
9/2/2008,6.100,2.360,2.870
9/3/2008,3.500,6.100,3.360
9/4/2008,4.000,3.500,7.100
9/5/2008,1.920,4.000,4.500
9/8/2008,3.140,1.920,5.000
9/9/2008,3.100,3.140,2.920
9/10/2008,3.850,3.100,4.140
9/11/2008,3.260,3.850,4.100
9/12/2008,2.460,3.260,4.850
9/15/2008,3.220,2.460,4.260
9/16/2008,4.320,3.220,3.460
9/17/2008,4.890,4.320,4.220
9/18/2008,7.550,4.890,5.320
9/19/2008,6.500,7.550,5.890
9/22/2008,4.120,6.500,8.550
9/23/2008,4.030,4.120,7.500
9/24/2008,3.910,4.030,5.120
9/25/2008,5.870,3.910,5.030
9/26/2008,4.000,5.870,4.910
9/29/2008,8.480,4.000,6.870
9/30/2008,5.150,8.480,5.000
10/1/2008,9.050,5.150,9.480
10/2/2008,6.930,9.050,6.150
10/3/2008,7.920,6.930,10.050
10/6/2008,6.400,7.920,7.930
10/7/2008,8.380,6.400,8.920
10/8/2008,7.500,8.380,7.400
10/9/2008,7.080,7.500,9.380
10/10/2008,8.150,7.080,8.500
10/13/2008,6.660,8.150,8.080
10/14/2008,7.000,6.660,9.150
10/15/2008,7.580,7.000,7.660
10/16/2008,7.650,7.580,8.000
10/17/2008,8.200,7.650,8.580
10/20/2008,3.980,8.200,8.650
10/21/2008,3.890,3.980,9.200
10/22/2008,6.790,3.890,4.980
10/23/2008,4.890,6.790,4.890
10/24/2008,5.490,4.890,7.790
10/27/2008,5.490,5.490,5.890
10/28/2008,8.090,5.490,6.490
10/29/2008,4.750,8.090,6.490
10/30/2008,3.500,4.750,9.090
10/31/2008,5.160,3.500,5.750
11/3/2008,2.500,5.160,4.500
11/4/2008,2.690,2.500,6.160
11/5/2008,3.700,2.690,3.500
11/6/2008,4.550,3.700,3.690
11/7/2008,2.460,4.550,4.700
11/10/2008,5.360,2.460,5.550
11/11/2008,4.040,5.360,3.460
11/12/2008,2.830,4.040,6.360
11/13/2008,8.990,2.830,5.040
11/14/2008,5.900,8.990,3.830
11/17/2008,2.580,5.900,9.990
11/18/2008,3.930,2.580,6.900
11/19/2008,5.270,3.930,3.580
11/20/2008,7.880,5.270,4.930
11/21/2008,7.480,7.880,6.270
11/24/2008,7.090,7.480,8.880
11/25/2008,4.180,7.090,8.480
11/26/2008,3.180,4.180,8.090
11/28/2008,1.800,3.180,5.180
12/1/2008,4.570,1.800,4.180
12/2/2008,3.860,4.570,2.800
12/3/2008,4.010,3.860,5.570
12/4/2008,4.650,4.010,4.860
12/5/2008,6.190,4.650,5.010
12/8/2008,4.150,6.190,5.650
12/9/2008,3.230,4.150,7.190
12/10/2008,3.160,3.230,5.150
12/11/2008,3.090,3.160,4.230
12/12/2008,4.880,3.090,4.160
12/15/2008,3.540,4.880,4.090
12/16/2008,3.970,3.540,5.880
12/17/2008,2.610,3.970,4.540
12/18/2008,3.680,2.610,4.970
12/19/2008,2.250,3.680,3.610
12/22/2008,3.130,2.250,4.680
12/23/2008,2.680,3.130,3.250
12/24/2008,1.300,2.680,4.130
12/26/2008,1.250,1.300,3.680
12/29/2008,2.040,1.250,2.300
12/30/2008,2.120,2.040,2.250
12/31/2008,1.500,2.120,3.040
1/2/2009,3.700,1.500,3.120
1/5/2009,1.490,3.700,2.500
1/6/2009,4.040,1.490,4.700
1/7/2009,1.680,4.040,2.490
1/8/2009,2.160,1.680,5.040
1/9/2009,3.250,2.160,2.680
1/12/2009,2.180,3.250,3.160
1/13/2009,1.800,2.180,4.250
1/14/2009,2.710,1.800,3.180
1/15/2009,2.570,2.710,2.800
1/16/2009,2.660,2.570,3.710
1/20/2009,3.160,2.660,3.570
1/21/2009,5.600,3.160,3.660
1/22/2009,2.630,5.600,4.160
1/23/2009,2.890,2.630,6.600
1/26/2009,3.150,2.890,3.630
1/27/2009,1.470,3.150,3.890
1/28/2009,3.030,1.470,4.150
1/29/2009,2.560,3.030,2.470
1/30/2009,2.230,2.560,4.030
2/2/2009,2.170,2.230,3.560
2/3/2009,3.570,2.170,3.230
2/4/2009,3.090,3.570,3.170
2/5/2009,1.980,3.090,4.570
2/6/2009,5.450,1.980,4.090
2/9/2009,2.260,5.450,2.980
2/10/2009,3.860,2.260,6.450
2/11/2009,2.770,3.860,3.260
2/12/2009,3.000,2.770,4.860
2/13/2009,1.610,3.000,3.770
2/17/2009,1.990,1.610,4.000
2/18/2009,1.810,1.990,2.610
2/19/2009,3.710,1.810,2.990
2/20/2009,2.560,3.710,2.810
2/23/2009,5.140,2.560,4.710
2/24/2009,2.980,5.140,3.560
2/25/2009,4.270,2.980,6.140
2/26/2009,3.870,4.270,3.980
2/27/2009,5.270,3.870,5.270
3/2/2009,3.150,5.270,4.870
3/3/2009,2.990,3.150,6.270
3/4/2009,3.640,2.990,4.150
3/5/2009,3.140,3.640,3.990
3/6/2009,4.440,3.140,4.640
3/9/2009,3.780,4.440,4.140
3/10/2009,3.610,3.780,5.440
3/11/2009,2.820,3.610,4.780
3/12/2009,3.110,2.820,4.610
3/13/2009,1.360,3.110,3.820
3/16/2009,2.460,1.360,4.110
3/17/2009,2.460,2.460,2.360
3/18/2009,3.490,2.460,3.460
3/19/2009,1.840,3.490,3.460
3/20/2009,2.820,1.840,4.490
3/23/2009,5.010,2.820,2.840
3/24/2009,2.030,5.010,3.820
3/25/2009,3.770,2.030,6.010
3/26/2009,1.450,3.770,3.030
3/27/2009,3.250,1.450,4.770
3/30/2009,2.940,3.250,2.450
3/31/2009,3.810,2.940,4.250
4/1/2009,2.300,3.810,3.940
4/2/2009,3.610,2.300,4.810
4/3/2009,2.950,3.610,3.300
4/6/2009,1.850,2.950,4.610
4/7/2009,1.980,1.850,3.950
4/8/2009,2.550,1.980,2.850
4/9/2009,2.200,2.550,2.980
4/13/2009,2.610,2.200,3.550
4/14/2009,1.680,2.610,3.200
4/15/2009,2.620,1.680,3.610
4/16/2009,2.740,2.620,2.680
4/17/2009,2.350,2.740,3.620
4/20/2009,1.980,2.350,3.740
4/21/2009,4.280,1.980,3.350
4/22/2009,2.800,4.280,2.980
4/23/2009,2.980,2.800,5.280
4/24/2009,2.080,2.980,3.800
4/27/2009,2.400,2.080,3.980
4/28/2009,3.480,2.400,3.080
4/29/2009,3.330,3.480,3.400
4/30/2009,3.200,3.330,4.480
5/1/2009,1.920,3.200,4.330
5/4/2009,2.140,1.920,4.200
5/5/2009,1.310,2.140,2.920
5/6/2009,1.790,1.310,3.140
5/7/2009,2.970,1.790,2.310
5/8/2009,3.920,2.970,2.790
5/11/2009,2.930,3.920,3.970
5/12/2009,2.010,2.930,4.920
5/13/2009,1.750,2.010,3.930
5/14/2009,1.940,1.750,3.010
5/15/2009,2.500,1.940,2.750
5/18/2009,2.770,2.500,2.940
5/19/2009,2.120,2.770,3.500
5/20/2009,2.170,2.120,3.770
5/21/2009,1.510,2.170,3.120
5/22/2009,1.560,1.510,3.170
5/26/2009,4.610,1.560,2.510
5/27/2009,2.260,4.610,2.560
5/28/2009,2.460,2.260,5.610
5/29/2009,2.550,2.460,3.260
6/1/2009,2.000,2.550,3.460
6/2/2009,2.140,2.000,3.550
6/3/2009,1.490,2.140,3.000
6/4/2009,1.270,1.490,3.140
6/5/2009,1.650,1.270,2.490
6/8/2009,2.480,1.650,2.270
6/9/2009,1.150,2.480,2.650
6/10/2009,2.230,1.150,3.480
6/11/2009,2.080,2.230,2.150
6/12/2009,1.530,2.080,3.230
6/15/2009,1.590,1.530,3.080
6/16/2009,1.870,1.590,2.530
6/17/2009,1.000,1.870,2.590
6/18/2009,1.410,1.000,2.870
6/19/2009,1.150,1.410,2.000
6/22/2009,1.650,1.150,2.410
6/23/2009,1.080,1.650,2.150
6/24/2009,2.760,1.080,2.650
6/25/2009,3.280,2.760,2.080
6/26/2009,1.450,3.280,3.760
6/29/2009,1.020,1.450,4.280
6/30/2009,2.220,1.020,2.450
7/1/2009,1.540,2.220,2.020
7/2/2009,2.180,1.540,3.220
7/6/2009,1.760,2.180,2.540
7/7/2009,1.930,1.760,3.180
7/8/2009,1.670,1.930,2.760
7/9/2009,1.930,1.670,2.930
7/10/2009,1.920,1.930,2.670
7/13/2009,3.460,1.920,2.930
7/14/2009,1.100,3.460,2.920
7/15/2009,2.620,1.100,4.460
7/16/2009,4.180,2.620,2.100
7/17/2009,2.370,4.180,3.620
7/20/2009,2.490,2.370,5.180
7/21/2009,1.660,2.490,3.370
7/22/2009,2.110,1.660,3.490
7/23/2009,2.940,2.110,2.660
7/24/2009,1.520,2.940,3.110
7/27/2009,1.350,1.520,3.940
7/28/2009,1.180,1.350,2.520
7/29/2009,1.230,1.180,2.350
7/30/2009,1.700,1.230,2.180
7/31/2009,1.430,1.700,2.230
8/3/2009,1.270,1.430,2.700
8/4/2009,0.780,1.270,2.430
8/5/2009,1.140,0.780,2.270
8/6/2009,1.700,1.140,1.780
8/7/2009,1.800,1.700,2.140
8/10/2009,1.220,1.800,2.700
8/11/2009,1.180,1.220,2.800
8/12/2009,2.540,1.180,2.220
8/13/2009,1.150,2.540,2.180
8/14/2009,2.120,1.150,3.540
8/17/2009,1.230,2.120,2.150
8/18/2009,1.270,1.230,3.120
8/19/2009,2.650,1.270,2.230
8/20/2009,1.310,2.650,2.270
8/21/2009,1.460,1.310,3.650
8/24/2009,1.780,1.460,2.310
8/25/2009,1.440,1.780,2.460
8/26/2009,2.340,1.440,2.780
8/27/2009,1.740,2.340,2.440
8/28/2009,2.460,1.740,3.340
8/31/2009,1.140,2.460,2.740
9/1/2009,2.430,1.140,3.460
9/2/2009,1.240,2.430,2.140
9/3/2009,1.580,1.240,3.430
9/4/2009,1.290,1.580,2.240
9/8/2009,1.540,1.290,2.580
9/9/2009,1.510,1.540,2.290
9/10/2009,1.080,1.510,2.540
9/11/2009,1.780,1.080,2.510
9/14/2009,2.050,1.780,2.080
9/15/2009,1.290,2.050,2.780
9/16/2009,2.700,1.290,3.050
9/17/2009,1.730,2.700,2.290
9/18/2009,1.260,1.730,3.700
9/21/2009,1.200,1.260,2.730
9/22/2009,1.130,1.200,2.260
9/23/2009,2.030,1.130,2.200
9/24/2009,1.250,2.030,2.130
9/25/2009,1.550,1.250,3.030
9/28/2009,3.060,1.550,2.250
9/29/2009,1.340,3.060,2.550
9/30/2009,2.450,1.340,4.060
10/1/2009,2.050,2.450,2.340
10/2/2009,2.400,2.050,3.450
10/5/2009,2.050,2.400,3.050
10/6/2009,1.370,2.050,3.400
10/7/2009,1.910,1.370,3.050
10/8/2009,1.130,1.910,2.370
10/9/2009,3.700,1.130,2.910
10/12/2009,1.900,3.700,2.130
10/13/2009,1.190,1.900,4.700
10/14/2009,2.010,1.190,2.900
10/15/2009,1.680,2.010,2.190
10/16/2009,2.450,1.680,3.010
10/19/2009,1.750,2.450,2.680
10/20/2009,2.000,1.750,3.450
10/21/2009,3.250,2.000,2.750
10/22/2009,2.660,3.250,3.000
10/23/2009,3.060,2.660,4.250
10/26/2009,2.890,3.060,3.660
10/27/2009,2.990,2.890,4.060
10/28/2009,1.810,2.990,3.890
10/29/2009,1.430,1.810,3.990
10/30/2009,2.770,1.430,2.810
11/2/2009,2.430,2.770,2.430
11/3/2009,1.660,2.430,3.770
11/4/2009,1.340,1.660,3.430
11/5/2009,1.500,1.340,2.660
11/6/2009,1.260,1.500,2.340
11/9/2009,2.510,1.260,2.500
11/10/2009,1.880,2.510,2.260
11/11/2009,1.360,1.880,3.510
11/12/2009,1.540,1.360,2.880
11/13/2009,1.530,1.540,2.360
11/16/2009,1.210,1.530,2.540
11/17/2009,1.250,1.210,2.530
11/18/2009,0.800,1.250,2.210
11/19/2009,1.330,0.800,2.250
11/20/2009,1.230,1.330,1.800
11/23/2009,1.290,1.230,2.330
11/24/2009,1.180,1.290,2.230
11/25/2009,1.140,1.180,2.290
11/27/2009,2.360,1.140,2.180
11/30/2009,1.680,2.360,2.140
12/1/2009,1.540,1.680,3.360
12/2/2009,1.230,1.540,2.680
12/3/2009,1.220,1.230,2.540
12/4/2009,2.900,1.220,2.230
12/7/2009,0.940,2.900,2.220
12/8/2009,1.190,0.940,3.900
12/9/2009,2.280,1.190,1.940
12/10/2009,1.380,2.280,2.190
12/11/2009,1.060,1.380,3.280
12/14/2009,0.380,1.060,2.380
12/15/2009,1.920,0.380,2.060
12/16/2009,1.250,1.920,1.380
12/17/2009,1.440,1.250,2.920
12/18/2009,1.390,1.440,2.250
12/21/2009,1.260,1.390,2.440
12/22/2009,0.790,1.260,2.390
12/23/2009,0.700,0.790,2.260
12/24/2009,1.090,0.700,1.790
12/28/2009,1.590,1.090,1.700
12/29/2009,0.570,1.590,2.090
12/30/2009,2.000,0.570,2.590
12/31/2009,2.100,2.000,1.570
1/4/2010,2.120,2.100,3.000
1/5/2010,1.750,2.120,3.100
1/6/2010,1.680,1.750,3.120
1/7/2010,1.340,1.680,2.750
1/8/2010,1.870,1.340,2.680
1/11/2010,2.390,1.870,2.340
1/12/2010,2.330,2.390,2.870
1/13/2010,1.960,2.330,3.390
1/14/2010,2.800,1.960,3.330
1/15/2010,1.800,2.800,2.960
1/19/2010,2.690,1.800,3.800
1/20/2010,2.200,2.690,2.800
1/21/2010,2.630,2.200,3.690
1/22/2010,3.520,2.630,3.200
1/25/2010,1.180,3.520,3.630
1/26/2010,2.340,1.180,4.520
1/27/2010,1.920,2.340,2.180
1/28/2010,3.990,1.920,3.340
1/29/2010,3.100,3.990,2.920
2/1/2010,2.170,3.100,4.990
2/2/2010,1.860,2.170,4.100
2/3/2010,1.000,1.860,3.170
2/4/2010,2.540,1.000,2.860
2/5/2010,1.890,2.540,2.000
2/8/2010,1.480,1.890,3.540
2/9/2010,1.740,1.480,2.890
2/10/2010,1.440,1.740,2.480
2/11/2010,2.140,1.440,2.740
2/12/2010,2.440,2.140,2.440
2/16/2010,1.120,2.440,3.140
2/17/2010,1.320,1.120,3.440
2/18/2010,2.000,1.320,2.120
2/19/2010,1.190,2.000,2.320
2/22/2010,1.120,1.190,3.000
2/23/2010,1.660,1.120,2.190
2/24/2010,1.460,1.660,2.120
2/25/2010,1.670,1.460,2.660
2/26/2010,1.260,1.670,2.460
3/1/2010,1.360,1.260,2.670
3/2/2010,1.960,1.360,2.260
3/3/2010,1.340,1.960,2.360
3/4/2010,1.600,1.340,2.960
3/5/2010,0.510,1.600,2.340
3/8/2010,1.140,0.510,2.600
3/9/2010,1.090,1.140,1.510
3/10/2010,1.150,1.090,2.140
3/11/2010,2.100,1.150,2.090
3/12/2010,0.860,2.100,2.150
3/15/2010,1.060,0.860,3.100
3/16/2010,1.430,1.060,1.860
3/17/2010,1.570,1.430,2.060
3/18/2010,1.300,1.570,2.430
3/19/2010,2.150,1.300,2.570
3/22/2010,1.820,2.150,2.300
3/23/2010,1.790,1.820,3.150
3/24/2010,1.480,1.790,2.820
3/25/2010,1.600,1.480,2.790
3/26/2010,1.060,1.600,2.480
3/29/2010,1.690,1.060,2.600
3/30/2010,0.880,1.690,2.060
3/31/2010,1.100,0.880,2.690
4/1/2010,1.760,1.100,1.880
4/5/2010,1.660,1.760,2.100
4/6/2010,1.250,1.660,2.760
4/7/2010,1.260,1.250,2.660
4/8/2010,1.030,1.260,2.250
4/9/2010,1.750,1.030,2.260
4/12/2010,0.720,1.750,2.030
4/13/2010,1.590,0.720,2.750
4/14/2010,1.960,1.590,1.720
4/15/2010,0.950,1.960,2.590
4/16/2010,1.920,0.950,2.960
4/19/2010,1.900,1.920,1.950
4/20/2010,2.070,1.900,2.920
4/21/2010,1.770,2.070,2.900
4/22/2010,1.590,1.770,3.070
4/23/2010,1.390,1.590,2.770
4/26/2010,1.500,1.390,2.590
4/27/2010,3.290,1.500,2.390
4/28/2010,1.440,3.290,2.500
4/29/2010,1.060,1.440,4.290
4/30/2010,1.800,1.060,2.440
5/3/2010,1.340,1.800,2.060
5/4/2010,2.360,1.340,2.800
5/5/2010,1.360,2.360,2.340
5/6/2010,11.930,1.360,3.360
5/7/2010,4.390,11.930,2.360
5/10/2010,1.610,4.390,12.930
5/11/2010,3.270,1.610,5.390
5/12/2010,5.840,3.270,2.610
5/13/2010,2.250,5.840,4.270
5/14/2010,2.260,2.250,6.840
5/17/2010,3.060,2.260,3.250
5/18/2010,2.090,3.060,3.260
5/19/2010,2.680,2.090,4.060
5/20/2010,4.280,2.680,3.090
5/21/2010,4.210,4.280,3.680
5/24/2010,1.980,4.210,5.280
5/25/2010,3.480,1.980,5.210
5/26/2010,2.940,3.480,2.980
5/27/2010,1.620,2.940,4.480
5/28/2010,1.990,1.620,3.940
6/1/2010,2.680,1.990,2.620
6/2/2010,3.150,2.680,2.990
6/3/2010,1.760,3.150,3.680
6/4/2010,2.430,1.760,4.150
6/7/2010,1.730,2.430,2.760
6/8/2010,1.640,1.730,3.430
6/9/2010,2.260,1.640,2.730
6/10/2010,2.420,2.260,2.640
6/11/2010,2.360,2.420,3.260
6/14/2010,1.480,2.360,3.420
6/15/2010,1.580,1.480,3.360
6/16/2010,2.340,1.580,2.480
6/17/2010,1.170,2.340,2.580
6/18/2010,1.120,1.170,3.340
6/21/2010,1.720,1.120,2.170
6/22/2010,2.400,1.720,2.120
6/23/2010,2.380,2.400,2.720
6/24/2010,2.030,2.380,3.400
6/25/2010,1.980,2.030,3.380
6/28/2010,2.250,1.980,3.030
6/29/2010,4.280,2.250,2.980
6/30/2010,2.220,4.280,3.250
7/1/2010,2.600,2.220,5.280
7/2/2010,2.680,2.600,3.220
7/6/2010,2.460,2.680,3.600
7/7/2010,3.650,2.460,3.680
7/8/2010,1.410,3.650,3.460
7/9/2010,0.910,1.410,4.650
7/12/2010,1.670,0.910,2.410
7/13/2010,2.290,1.670,1.910
7/14/2010,2.460,2.290,2.670
7/15/2010,1.370,2.460,3.290
7/16/2010,2.300,1.370,3.460
7/19/2010,2.010,2.300,2.370
7/20/2010,3.630,2.010,3.300
7/21/2010,1.880,3.630,3.010
7/22/2010,1.730,1.880,4.630
7/23/2010,1.800,1.730,2.880
7/26/2010,1.290,1.800,2.730
7/27/2010,1.280,1.290,2.800
7/28/2010,1.470,1.280,2.290
7/29/2010,2.360,1.470,2.280
7/30/2010,1.940,2.360,2.470
8/2/2010,1.950,1.940,3.360
8/3/2010,1.710,1.950,2.940
8/4/2010,1.650,1.710,2.950
8/5/2010,1.450,1.650,2.710
8/6/2010,1.720,1.450,2.650
8/9/2010,1.940,1.720,2.450
8/10/2010,1.720,1.940,2.720
8/11/2010,1.230,1.720,2.940
8/12/2010,1.260,1.230,2.720
8/13/2010,1.130,1.260,2.230
8/16/2010,1.270,1.130,2.260
8/17/2010,1.950,1.270,2.130
8/18/2010,2.400,1.950,2.270
8/19/2010,1.570,2.400,2.950
8/20/2010,2.020,1.570,3.400
8/23/2010,1.590,2.020,2.570
8/24/2010,1.450,1.590,3.020
8/25/2010,1.600,1.450,2.590
8/26/2010,3.000,1.600,2.450
8/27/2010,2.380,3.000,2.600
8/30/2010,1.870,2.380,4.000
8/31/2010,1.710,1.870,3.380
9/1/2010,1.790,1.710,2.870
9/2/2010,1.580,1.790,2.710
9/3/2010,1.700,1.580,2.790
9/7/2010,1.480,1.700,2.580
9/8/2010,1.130,1.480,2.700
9/9/2010,1.420,1.130,2.480
9/10/2010,2.030,1.420,2.130
9/13/2010,1.480,2.030,2.420
9/14/2010,1.490,1.480,3.030
9/15/2010,1.420,1.490,2.480
9/16/2010,1.150,1.420,2.490
9/17/2010,0.900,1.150,2.420
9/20/2010,1.980,0.900,2.150
9/21/2010,2.020,1.980,1.900
9/22/2010,1.180,2.020,2.980
9/23/2010,1.560,1.180,3.020
9/24/2010,1.810,1.560,2.180
9/27/2010,1.490,1.810,2.560
9/28/2010,1.430,1.490,2.810
9/29/2010,1.460,1.430,2.490
9/30/2010,2.440,1.460,2.430
10/1/2010,1.190,2.440,2.460
10/4/2010,1.530,1.190,3.440
10/5/2010,1.780,1.530,2.190
10/6/2010,1.130,1.780,2.530
10/7/2010,1.360,1.130,2.780
10/8/2010,1.030,1.360,2.130
10/11/2010,1.300,1.030,2.360
10/12/2010,1.720,1.300,2.030
10/13/2010,1.700,1.720,2.300
10/14/2010,1.810,1.700,2.720
10/15/2010,1.560,1.810,2.700
10/18/2010,2.190,1.560,2.810
10/19/2010,2.640,2.190,2.560
10/20/2010,1.740,2.640,3.190
10/21/2010,2.090,1.740,3.640
10/22/2010,1.290,2.090,2.740
10/25/2010,1.590,1.290,3.090
10/26/2010,3.470,1.590,2.290
10/27/2010,2.570,3.470,2.590
10/28/2010,1.530,2.570,4.470
10/29/2010,3.250,1.530,3.570
11/1/2010,1.940,3.250,2.530
11/2/2010,1.000,1.940,4.250
11/3/2010,1.830,1.000,2.940
11/4/2010,2.130,1.830,2.000
11/5/2010,1.260,2.130,2.830
11/8/2010,1.330,1.260,3.130
11/9/2010,1.900,1.330,2.260
11/10/2010,1.160,1.900,2.330
11/11/2010,2.150,1.160,2.900
11/12/2010,2.220,2.150,2.160
11/15/2010,1.480,2.220,3.150
11/16/2010,2.200,1.480,3.220
11/17/2010,1.100,2.200,2.480
11/18/2010,2.240,1.100,3.200
11/19/2010,1.360,2.240,2.100
11/22/2010,1.870,1.360,3.240
11/23/2010,2.200,1.870,2.360
11/24/2010,2.620,2.200,2.870
11/26/2010,1.730,2.620,3.200
11/29/2010,2.170,1.730,3.620
11/30/2010,1.480,2.170,2.730
12/1/2010,1.620,1.480,3.170
12/2/2010,1.550,1.620,2.480
12/3/2010,1.430,1.550,2.620
12/6/2010,1.350,1.430,2.550
12/7/2010,2.430,1.350,2.430
12/8/2010,1.810,2.430,2.350
12/9/2010,2.420,1.810,3.430
12/10/2010,1.220,2.420,2.810
12/13/2010,1.190,1.220,3.420
12/14/2010,1.750,1.190,2.220
12/15/2010,1.410,1.750,2.190
12/16/2010,1.170,1.410,2.750
12/17/2010,1.100,1.170,2.410
12/20/2010,1.150,1.100,2.170
12/21/2010,1.660,1.150,2.100
12/22/2010,0.820,1.660,2.150
12/23/2010,1.000,0.820,2.660
12/27/2010,0.700,1.000,1.820
12/28/2010,1.090,0.700,2.000
12/29/2010,1.790,1.090,1.700
12/30/2010,0.860,1.790,2.090
12/31/2010,1.110,0.860,2.790
1/3/2011,1.060,1.110,1.860
1/4/2011,1.580,1.060,2.110
1/5/2011,0.750,1.580,2.060
1/6/2011,1.970,0.750,2.580
1/7/2011,1.920,1.970,1.750
1/10/2011,0.830,1.920,2.970
1/11/2011,1.600,0.830,2.920
1/12/2011,1.620,1.600,1.830
1/13/2011,1.040,1.620,2.600
1/14/2011,1.530,1.040,2.620
1/18/2011,2.080,1.530,2.040
1/19/2011,3.300,2.080,2.530
1/20/2011,1.510,3.300,3.080
1/21/2011,1.820,1.510,4.300
1/24/2011,4.460,1.820,2.510
1/25/2011,5.350,4.460,2.820
1/26/2011,1.480,5.350,5.460
1/27/2011,1.320,1.480,6.350
1/28/2011,3.250,1.320,2.480
1/31/2011,3.320,3.250,2.320
2/1/2011,1.940,3.320,4.250
2/2/2011,0.990,1.940,4.320
2/3/2011,1.390,0.990,2.940
2/4/2011,0.920,1.390,1.990
2/7/2011,0.970,0.920,2.390
2/8/2011,1.930,0.970,1.920
2/9/2011,1.870,1.930,1.970
2/10/2011,1.820,1.870,2.930
2/11/2011,1.700,1.820,2.870
2/14/2011,1.530,1.700,2.820
2/15/2011,1.050,1.530,2.700
2/16/2011,0.850,1.050,2.530
2/17/2011,1.820,0.850,2.050
2/18/2011,0.740,1.820,1.850
2/22/2011,2.480,0.740,2.820
2/23/2011,2.540,2.480,1.740
2/24/2011,2.240,2.540,3.480
2/25/2011,1.480,2.240,3.540
2/28/2011,1.750,1.480,3.240
3/1/2011,3.270,1.750,2.480
3/2/2011,1.700,3.270,2.750
3/3/2011,2.730,1.700,4.270
3/4/2011,3.660,2.730,2.700
3/7/2011,4.130,3.660,3.730
3/8/2011,4.220,4.130,4.660
3/9/2011,4.440,4.220,5.130
3/10/2011,3.290,4.440,5.220
3/11/2011,2.400,3.290,5.440
3/14/2011,1.890,2.400,4.290
3/15/2011,2.760,1.890,3.400
3/16/2011,5.270,2.760,2.890
3/17/2011,1.800,5.270,3.760
3/18/2011,2.630,1.800,6.270
3/21/2011,2.560,2.630,2.800
3/22/2011,1.090,2.560,3.630
3/23/2011,2.550,1.090,3.560
3/24/2011,1.870,2.550,2.090
3/25/2011,1.980,1.870,3.550
3/28/2011,1.460,1.980,2.870
3/29/2011,1.940,1.460,2.980
3/30/2011,0.970,1.940,2.460
3/31/2011,0.990,0.970,2.940
4/1/2011,1.380,0.990,1.970
4/4/2011,1.150,1.380,1.990
4/5/2011,1.080,1.150,2.380
4/6/2011,0.940,1.080,2.150
4/7/2011,1.270,0.940,2.080
4/8/2011,1.220,1.270,1.940
4/11/2011,0.890,1.220,2.270
4/12/2011,1.470,0.890,2.220
4/13/2011,1.270,1.470,1.890
4/14/2011,2.200,1.270,2.470
4/15/2011,1.470,2.200,2.270
4/18/2011,3.300,1.470,3.200
4/19/2011,1.940,3.300,2.470
4/20/2011,3.700,1.940,4.300
4/21/2011,3.590,3.700,2.940
4/25/2011,1.540,3.590,4.700
4/26/2011,1.800,1.540,4.590
4/27/2011,2.130,1.800,2.540
4/28/2011,1.680,2.130,2.800
4/29/2011,2.520,1.680,3.130
5/2/2011,2.050,2.520,2.680
5/3/2011,2.250,2.050,3.520
5/4/2011,3.030,2.250,3.050
5/5/2011,3.370,3.030,3.250
5/6/2011,1.910,3.370,4.030
5/9/2011,1.540,1.910,4.370
5/10/2011,1.680,1.540,2.910
5/11/2011,2.700,1.680,2.540
5/12/2011,4.120,2.700,2.680
5/13/2011,2.710,4.120,3.700
5/16/2011,2.330,2.710,5.120
5/17/2011,4.880,2.330,3.710
5/18/2011,1.730,4.880,3.330
5/19/2011,2.080,1.730,5.880
5/20/2011,1.770,2.080,2.730
5/23/2011,1.620,1.770,3.080
5/24/2011,1.160,1.620,2.770
5/25/2011,0.890,1.160,2.620
5/26/2011,1.600,0.890,2.160
5/27/2011,1.470,1.600,1.890
5/31/2011,2.070,1.470,2.600
6/1/2011,3.080,2.070,2.470
6/2/2011,1.390,3.080,3.070
6/3/2011,1.760,1.390,4.080
6/6/2011,1.310,1.760,2.390
6/7/2011,1.630,1.310,2.760
6/8/2011,1.590,1.630,2.310
6/9/2011,1.200,1.590,2.630
6/10/2011,1.970,1.200,2.590
6/13/2011,1.730,1.970,2.200
6/14/2011,0.920,1.730,2.970
6/15/2011,1.890,0.920,2.730
6/16/2011,1.850,1.890,1.920
6/17/2011,1.520,1.850,2.890
6/20/2011,2.020,1.520,2.850
6/21/2011,2.750,2.020,2.520
6/22/2011,1.710,2.750,3.020
6/23/2011,2.930,1.710,3.750
6/24/2011,1.370,2.930,2.710
6/27/2011,3.030,1.370,3.930
6/28/2011,2.690,3.030,2.370
6/29/2011,1.040,2.690,4.030
6/30/2011,1.700,1.040,3.690
7/1/2011,3.160,1.700,2.040
7/5/2011,1.910,3.160,2.700
7/6/2011,2.680,1.910,4.160
7/7/2011,1.150,2.680,2.910
7/8/2011,1.480,1.150,3.680
7/11/2011,1.540,1.480,2.150
7/12/2011,1.480,1.540,2.480
7/13/2011,2.320,1.480,2.540
7/14/2011,2.260,2.320,2.480
7/15/2011,1.870,2.260,3.320
7/18/2011,2.880,1.870,3.260
7/19/2011,6.560,2.880,2.870
7/20/2011,1.420,6.560,3.880
7/21/2011,2.600,1.420,7.560
7/22/2011,1.370,2.600,2.420
7/25/2011,1.680,1.370,3.600
7/26/2011,1.400,1.680,2.370
7/27/2011,1.980,1.400,2.680
7/28/2011,2.390,1.980,2.400
7/29/2011,3.700,2.390,2.980
8/1/2011,5.190,3.700,3.390
8/2/2011,4.430,5.190,4.700
8/3/2011,3.820,4.430,6.190
8/4/2011,6.740,3.820,5.430
8/5/2011,7.700,6.740,4.820
8/8/2011,6.610,7.700,7.740
8/9/2011,9.050,6.610,8.700
8/10/2011,7.380,9.050,7.610
8/11/2011,5.830,7.380,10.050
8/12/2011,3.550,5.830,8.380
8/15/2011,3.610,3.550,6.830
8/16/2011,3.190,3.610,4.550
8/17/2011,3.100,3.190,4.610
8/18/2011,6.300,3.100,4.190
8/19/2011,6.810,6.300,4.100
8/22/2011,4.060,6.810,7.300
8/23/2011,5.060,4.060,7.810
8/24/2011,3.480,5.060,5.060
8/25/2011,3.680,3.480,6.060
8/26/2011,6.050,3.680,4.480
8/29/2011,2.360,6.050,4.680
8/30/2011,2.630,2.360,7.050
8/31/2011,3.010,2.630,3.360
9/1/2011,3.560,3.010,3.630
9/2/2011,2.930,3.560,4.010
9/6/2011,3.350,2.930,4.560
9/7/2011,1.740,3.350,3.930
9/8/2011,4.480,1.740,4.350
9/9/2011,4.380,4.480,2.740
9/12/2011,3.680,4.380,5.480
9/13/2011,2.380,3.680,5.380
9/14/2011,7.670,2.380,4.680
9/15/2011,2.930,7.670,3.380
9/16/2011,3.250,2.930,8.670
9/19/2011,4.440,3.250,3.930
9/20/2011,4.730,4.440,4.250
9/21/2011,5.050,4.730,5.440
9/22/2011,3.470,5.050,5.730
9/23/2011,3.780,3.470,6.050
9/26/2011,4.840,3.780,4.470
9/27/2011,3.190,4.840,4.780
9/28/2011,3.670,3.190,5.840
9/29/2011,5.380,3.670,4.190
9/30/2011,3.520,5.380,4.670
10/3/2011,4.880,3.520,6.380
10/4/2011,6.190,4.880,4.520
10/5/2011,4.620,6.190,5.880
10/6/2011,6.330,4.620,7.190
10/7/2011,2.080,6.330,5.620
10/10/2011,3.730,2.080,7.330
10/11/2011,1.890,3.730,3.080
10/12/2011,2.350,1.890,4.730
10/13/2011,3.000,2.350,2.890
10/14/2011,2.800,3.000,3.350
10/17/2011,4.260,2.800,4.000
10/18/2011,3.130,4.260,3.800
10/19/2011,2.800,3.130,5.260
10/20/2011,3.070,2.800,4.130
10/21/2011,2.920,3.070,3.800
10/24/2011,2.770,2.920,4.070
10/25/2011,2.960,2.770,3.920
10/26/2011,3.250,2.960,3.770
10/27/2011,3.820,3.250,3.960
10/28/2011,2.790,3.820,4.250
10/31/2011,2.280,2.790,4.820
11/1/2011,2.520,2.280,3.790
11/2/2011,2.220,2.520,3.280
11/3/2011,3.760,2.220,3.520
11/4/2011,2.400,3.760,3.220
11/7/2011,2.980,2.400,4.760
11/8/2011,2.370,2.980,3.400
11/9/2011,4.080,2.370,3.980
11/10/2011,2.900,4.080,3.370
11/11/2011,2.690,2.900,5.080
11/14/2011,2.990,2.690,3.900
11/15/2011,4.330,2.990,3.690
11/16/2011,3.600,4.330,3.990
11/17/2011,5.440,3.600,5.330
11/18/2011,2.310,5.440,4.600
11/21/2011,3.960,2.310,6.440
11/22/2011,2.690,3.960,3.310
11/23/2011,3.970,2.690,4.960
11/25/2011,2.500,3.970,3.690
11/28/2011,2.260,2.500,4.970
11/29/2011,2.470,2.260,3.500
11/30/2011,4.140,2.470,3.260
12/1/2011,3.220,4.140,3.470
12/2/2011,1.880,3.220,5.140
12/5/2011,3.230,1.880,4.220
12/6/2011,3.210,3.230,2.880
12/7/2011,3.620,3.210,4.230
12/8/2011,2.730,3.620,4.210
12/9/2011,2.470,2.730,4.620
12/12/2011,2.680,2.470,3.730
12/13/2011,3.660,2.680,3.470
12/14/2011,2.280,3.660,3.680
12/15/2011,4.310,2.280,4.660
12/16/2011,6.100,4.310,3.280
12/19/2011,2.440,6.100,5.310
12/20/2011,2.570,2.440,7.100
12/21/2011,4.460,2.570,3.440
12/22/2011,1.800,4.460,3.570
12/23/2011,2.960,1.800,5.460
12/27/2011,1.460,2.960,2.800
12/28/2011,2.060,1.460,3.960
12/29/2011,2.220,2.060,2.460
12/30/2011,2.630,2.220,3.060
1/3/2012,2.710,2.630,3.220
1/4/2012,1.390,2.710,3.630
1/5/2012,1.930,1.390,3.710
1/6/2012,2.170,1.930,2.390
1/9/2012,2.000,2.170,2.930
1/10/2012,2.520,2.000,3.170
1/11/2012,2.310,2.520,3.000
1/12/2012,3.530,2.310,3.520
1/13/2012,2.260,3.530,3.310
1/17/2012,2.680,2.260,4.530
1/18/2012,2.100,2.680,3.260
1/19/2012,2.010,2.100,3.680
1/20/2012,4.220,2.010,3.100
1/23/2012,2.850,4.220,3.010
1/24/2012,3.780,2.850,5.220
1/25/2012,2.630,3.780,3.850
1/26/2012,2.320,2.630,4.780
1/27/2012,1.960,2.320,3.630
1/30/2012,4.510,1.960,3.320
1/31/2012,2.100,4.510,2.960
2/1/2012,2.400,2.100,5.510
2/2/2012,2.000,2.400,3.100
2/3/2012,1.590,2.000,3.400
2/6/2012,1.760,1.590,3.000
2/7/2012,2.170,1.760,2.590
2/8/2012,1.850,2.170,2.760
2/9/2012,1.910,1.850,3.170
2/10/2012,1.150,1.910,2.850
2/13/2012,1.950,1.150,2.910
2/14/2012,1.770,1.950,2.150
2/15/2012,2.180,1.770,2.950
2/16/2012,1.250,2.180,2.770
2/17/2012,1.560,1.250,3.180
2/21/2012,1.780,1.560,2.250
2/22/2012,1.990,1.780,2.560
2/23/2012,5.950,1.990,2.780
2/24/2012,1.950,5.950,2.990
2/27/2012,2.610,1.950,6.950
2/28/2012,1.530,2.610,2.950
2/29/2012,2.720,1.530,3.610
3/1/2012,1.540,2.720,2.530
3/2/2012,1.830,1.540,3.720
3/5/2012,2.890,1.830,2.540
3/6/2012,2.830,2.890,2.830
3/7/2012,1.260,2.830,3.890
3/8/2012,1.340,1.260,3.830
3/9/2012,1.380,1.340,2.260
3/12/2012,1.340,1.380,2.340
3/13/2012,2.290,1.340,2.380
3/14/2012,1.510,2.290,2.340
3/15/2012,1.440,1.510,3.290
3/16/2012,1.510,1.440,2.510
3/19/2012,2.030,1.510,2.440
3/20/2012,1.300,2.030,2.510
3/21/2012,1.470,1.300,3.030
3/22/2012,2.030,1.470,2.300
3/23/2012,1.400,2.030,2.470
3/26/2012,1.600,1.400,3.030
3/27/2012,1.660,1.600,2.400
3/28/2012,2.420,1.660,2.600
3/29/2012,2.480,2.420,2.660
3/30/2012,1.110,2.480,3.420
4/2/2012,1.600,1.110,3.480
4/3/2012,2.150,1.600,2.110
4/4/2012,1.790,2.150,2.600
4/5/2012,1.220,1.790,3.150
4/9/2012,2.800,1.220,2.790
4/10/2012,3.570,2.800,2.220
4/11/2012,1.860,3.570,3.800
4/12/2012,2.920,1.860,4.570
4/13/2012,1.850,2.920,2.860
4/16/2012,3.250,1.850,3.920
4/17/2012,3.490,3.250,2.850
4/18/2012,4.070,3.490,4.250
4/19/2012,3.740,4.070,4.490
4/20/2012,1.030,3.740,5.070
4/23/2012,2.310,1.030,4.740
4/24/2012,3.610,2.310,2.030
4/25/2012,1.890,3.610,3.310
4/26/2012,2.810,1.890,4.610
4/27/2012,2.260,2.810,2.890
4/30/2012,1.640,2.260,3.810
5/1/2012,2.220,1.640,3.260
5/2/2012,1.360,2.220,2.640
5/3/2012,2.370,1.360,3.220
5/4/2012,2.710,2.370,2.360
5/7/2012,1.870,2.710,3.370
5/8/2012,3.340,1.870,3.710
5/9/2012,3.940,3.340,2.870
5/10/2012,3.230,3.940,4.340
5/11/2012,2.170,3.230,4.940
5/14/2012,2.150,2.170,4.230
5/15/2012,2.710,2.150,3.170
5/16/2012,3.170,2.710,3.150
5/17/2012,3.150,3.170,3.710
5/18/2012,3.620,3.150,4.170
5/21/2012,3.300,3.620,4.150
5/22/2012,2.200,3.300,4.620
5/23/2012,3.290,2.200,4.300
5/24/2012,2.280,3.290,3.200
5/25/2012,2.000,2.280,4.290
5/29/2012,2.860,2.000,3.280
5/30/2012,1.700,2.860,3.000
5/31/2012,2.930,1.700,3.860
6/1/2012,3.120,2.930,2.700
6/4/2012,2.380,3.120,3.930
6/5/2012,2.290,2.380,4.120
6/6/2012,3.980,2.290,3.380
6/7/2012,1.890,3.980,3.290
6/8/2012,2.440,1.890,4.980
6/11/2012,4.330,2.440,2.890
6/12/2012,2.530,4.330,3.440
6/13/2012,2.840,2.530,5.330
6/14/2012,3.090,2.840,3.530
6/15/2012,3.870,3.090,3.840
6/18/2012,2.470,3.870,4.090
6/19/2012,1.190,2.470,4.870
6/20/2012,2.240,1.190,3.470
6/21/2012,6.260,2.240,2.190
6/22/2012,1.660,6.260,3.240
6/25/2012,1.710,1.660,7.260
6/26/2012,2.930,1.710,2.660
6/27/2012,2.800,2.930,2.710
6/28/2012,3.180,2.800,3.930
6/29/2012,3.400,3.180,3.800
7/2/2012,2.350,3.400,4.180
7/3/2012,1.430,2.350,4.400
7/5/2012,3.220,1.430,3.350
7/6/2012,4.200,3.220,2.430
7/9/2012,2.950,4.200,4.220
7/10/2012,5.540,2.950,5.200
7/11/2012,3.850,5.540,3.950
7/12/2012,2.540,3.850,6.540
7/13/2012,3.300,2.540,4.850
7/16/2012,1.520,3.300,3.540
7/17/2012,3.090,1.520,4.300
7/18/2012,5.040,3.090,2.520
7/19/2012,3.880,5.040,4.090
7/20/2012,2.730,3.880,6.040
7/23/2012,3.100,2.730,4.880
7/24/2012,2.760,3.100,3.730
7/25/2012,3.450,2.760,4.100
7/26/2012,2.380,3.450,3.760
7/27/2012,3.460,2.380,4.450
7/30/2012,1.920,3.460,3.380
7/31/2012,1.700,1.920,4.460
8/1/2012,3.130,1.700,2.920
8/2/2012,3.580,3.130,2.700
8/3/2012,2.790,3.580,4.130
8/6/2012,1.420,2.790,4.580
8/7/2012,2.080,1.420,3.790
8/8/2012,1.530,2.080,2.420
8/9/2012,1.570,1.530,3.080
8/10/2012,2.130,1.570,2.530
8/13/2012,2.190,2.130,2.570
8/14/2012,1.610,2.190,3.130
8/15/2012,1.410,1.610,3.190
8/16/2012,3.200,1.410,2.610
8/17/2012,1.340,3.200,2.410
8/20/2012,1.100,1.340,4.200
8/21/2012,2.630,1.100,2.340
8/22/2012,1.750,2.630,2.100
8/23/2012,1.930,1.750,3.630
8/24/2012,3.910,1.930,2.750
8/27/2012,2.690,3.910,2.930
8/28/2012,1.610,2.690,4.910
8/29/2012,1.140,1.610,3.690
8/30/2012,2.290,1.140,2.610
8/31/2012,2.490,2.290,2.140
9/4/2012,3.920,2.490,3.290
9/5/2012,1.960,3.920,3.490
9/6/2012,3.350,1.960,4.920
9/7/2012,1.420,3.350,2.960
9/10/2012,3.090,1.420,4.350
9/11/2012,2.950,3.090,2.420
9/12/2012,1.690,2.950,4.090
9/13/2012,3.350,1.690,3.950
9/14/2012,1.600,3.350,2.690
9/17/2012,2.440,1.600,4.350
9/18/2012,1.400,2.440,2.600
9/19/2012,1.560,1.400,3.440
9/20/2012,1.690,1.560,2.400
9/21/2012,2.020,1.690,2.560
9/24/2012,1.160,2.020,2.690
9/25/2012,2.370,1.160,3.020
9/26/2012,2.080,2.370,2.160
9/27/2012,2.760,2.080,3.370
9/28/2012,3.010,2.760,3.080
10/1/2012,3.810,3.010,3.760
10/2/2012,2.970,3.810,4.010
10/3/2012,2.000,2.970,4.810
10/4/2012,2.440,2.000,3.970
10/5/2012,1.730,2.440,3.000
10/8/2012,1.430,1.730,3.440
10/9/2012,3.040,1.430,2.730
10/10/2012,3.180,3.040,2.430
10/11/2012,1.640,3.180,4.040
10/12/2012,2.400,1.640,4.180
10/15/2012,1.580,2.400,2.640
10/16/2012,1.530,1.580,3.400
10/17/2012,4.860,1.530,2.580
10/18/2012,6.070,4.860,2.530
10/19/2012,2.900,6.070,5.860
10/22/2012,2.240,2.900,7.070
10/23/2012,3.060,2.240,3.900
10/24/2012,2.730,3.060,3.240
10/25/2012,1.730,2.730,4.060
10/26/2012,2.400,1.730,3.730
10/31/2012,2.780,2.400,2.730
11/1/2012,3.340,2.780,3.400
11/2/2012,4.710,3.340,3.780
11/5/2012,2.960,4.710,4.340
11/6/2012,2.070,2.960,5.710
11/7/2012,2.520,2.070,3.960
11/8/2012,1.720,2.520,3.070
11/9/2012,2.760,1.720,3.520
11/12/2012,3.360,2.760,2.720
11/13/2012,2.630,3.360,3.760
11/14/2012,3.990,2.630,4.360
11/15/2012,2.420,3.990,3.630
11/16/2012,2.460,2.420,4.990
11/19/2012,2.090,2.460,3.420
11/20/2012,1.860,2.090,3.460
11/21/2012,1.940,1.860,3.090
11/23/2012,2.690,1.940,2.860
11/26/2012,1.600,2.690,2.940
11/27/2012,2.050,1.600,3.690
11/28/2012,2.770,2.050,2.600
11/29/2012,2.700,2.770,3.050
11/30/2012,2.500,2.700,3.770
12/3/2012,2.940,2.500,3.700
12/4/2012,1.730,2.940,3.500
12/5/2012,2.520,1.730,3.940
12/6/2012,1.770,2.520,2.730
12/7/2012,2.090,1.770,3.520
12/10/2012,1.890,2.090,2.770
12/11/2012,1.650,1.890,3.090
12/12/2012,2.290,1.650,2.890
12/13/2012,1.680,2.290,2.650
12/14/2012,2.140,1.680,3.290
12/17/2012,2.150,2.140,2.680
12/18/2012,2.080,2.150,3.140
12/19/2012,1.450,2.080,3.150
12/20/2012,1.790,1.450,3.080
12/21/2012,2.930,1.790,2.450
12/24/2012,1.810,2.930,2.790
12/26/2012,2.580,1.810,3.930
12/27/2012,2.580,2.580,2.810
12/28/2012,2.390,2.580,3.580
12/31/2012,2.840,2.390,3.580
1/2/2013,2.550,2.840,3.390
1/3/2013,1.850,2.550,3.840
1/4/2013,1.680,1.850,3.550
1/7/2013,1.440,1.680,2.850
1/8/2013,1.700,1.440,2.680
1/9/2013,1.840,1.700,2.440
1/10/2013,1.680,1.840,2.700
1/11/2013,2.100,1.680,2.840
1/14/2013,1.530,2.100,2.680
1/15/2013,2.340,1.530,3.100
1/16/2013,1.830,2.340,2.530
1/17/2013,1.220,1.830,3.340
1/18/2013,1.200,1.220,2.830
1/22/2013,2.070,1.200,2.220
1/23/2013,5.220,2.070,2.200
1/24/2013,1.980,5.220,3.070
1/25/2013,1.050,1.980,6.220
1/28/2013,1.930,1.050,2.980
1/29/2013,2.090,1.930,2.050
1/30/2013,1.690,2.090,2.930
1/31/2013,1.510,1.690,3.090
2/1/2013,1.510,1.510,2.690
2/4/2013,1.450,1.510,2.510
2/5/2013,2.240,1.450,2.510
2/6/2013,1.730,2.240,2.450
2/7/2013,2.230,1.730,3.240
2/8/2013,2.410,2.230,2.730
2/11/2013,2.200,2.410,3.230
2/12/2013,1.720,2.200,3.410
2/13/2013,1.380,1.720,3.200
2/14/2013,1.060,1.380,2.720
2/15/2013,1.430,1.060,2.380
2/19/2013,1.670,1.430,2.060
2/20/2013,2.860,1.670,2.430
2/21/2013,0.960,2.860,2.670
2/22/2013,2.250,0.960,3.860
2/25/2013,4.980,2.250,1.960
2/26/2013,2.060,4.980,3.250
2/27/2013,4.150,2.060,5.980
2/28/2013,2.330,4.150,3.060
3/1/2013,3.580,2.330,5.150
3/4/2013,2.640,3.580,3.330
3/5/2013,2.010,2.640,4.580
3/6/2013,1.830,2.010,3.640
3/7/2013,1.360,1.830,3.010
3/8/2013,1.310,1.360,2.830
3/11/2013,1.160,1.310,2.360
3/12/2013,1.640,1.160,2.310
3/13/2013,2.590,1.640,2.160
3/14/2013,3.710,2.590,2.640
3/15/2013,2.490,3.710,3.590
3/18/2013,1.860,2.490,4.710
3/19/2013,3.290,1.860,3.490
3/20/2013,1.520,3.290,2.860
3/21/2013,2.890,1.520,4.290
3/22/2013,1.550,2.890,2.520
3/25/2013,2.760,1.550,3.890
3/26/2013,1.000,2.760,2.550
3/27/2013,2.060,1.000,3.760
3/28/2013,3.700,2.060,2.000
4/1/2013,2.250,3.700,3.060
4/2/2013,3.140,2.250,4.700
4/3/2013,2.260,3.140,3.250
4/4/2013,2.890,2.260,4.140
4/5/2013,3.500,2.890,3.260
4/8/2013,1.990,3.500,3.890
4/9/2013,1.390,1.990,4.500
4/10/2013,2.040,1.390,2.990
4/11/2013,2.240,2.040,2.390
4/12/2013,1.710,2.240,3.040
4/15/2013,2.430,1.710,3.240
4/16/2013,2.800,2.430,2.710
4/17/2013,1.590,2.800,3.430
4/18/2013,4.100,1.590,3.800
4/19/2013,6.740,4.100,2.590
4/22/2013,3.700,6.740,5.100
4/23/2013,3.940,3.700,7.740
4/24/2013,1.410,3.940,4.700
4/25/2013,2.850,1.410,4.940
4/26/2013,1.460,2.850,2.410
4/29/2013,5.030,1.460,3.850
4/30/2013,5.240,5.030,2.460
5/1/2013,2.970,5.240,6.030
5/2/2013,2.680,2.970,6.240
5/3/2013,1.570,2.680,3.970
5/6/2013,2.470,1.570,3.680
5/7/2013,2.080,2.470,2.570
5/8/2013,2.340,2.080,3.470
5/9/2013,2.280,2.340,3.080
5/10/2013,1.710,2.280,3.340
5/13/2013,2.250,1.710,3.280
5/14/2013,1.590,2.250,2.710
5/15/2013,1.640,1.590,3.250
5/16/2013,2.590,1.640,2.590
5/17/2013,4.510,2.590,2.640
5/20/2013,1.730,4.510,3.590
5/21/2013,2.480,1.730,5.510
5/22/2013,4.030,2.480,2.730
5/23/2013,3.480,4.030,3.480
5/24/2013,2.010,3.480,5.030
5/28/2013,1.430,2.010,4.480
5/29/2013,2.380,1.430,3.010
5/30/2013,4.020,2.380,2.430
5/31/2013,3.960,4.020,3.380
6/3/2013,2.720,3.960,5.020
6/4/2013,3.920,2.720,4.960
6/5/2013,3.890,3.920,3.720
6/6/2013,2.730,3.890,4.920
6/7/2013,2.240,2.730,4.890
6/10/2013,2.080,2.240,3.730
6/11/2013,3.440,2.080,3.240
6/12/2013,4.720,3.440,3.080
6/13/2013,4.060,4.720,4.440
6/14/2013,2.930,4.060,5.720
6/17/2013,2.620,2.930,5.060
6/18/2013,3.220,2.620,3.930
6/19/2013,3.100,3.220,3.620
6/20/2013,4.420,3.100,4.220
6/21/2013,4.980,4.420,4.100
6/24/2013,3.570,4.980,5.420
6/25/2013,2.440,3.570,5.980
6/26/2013,1.730,2.440,4.570
6/27/2013,1.610,1.730,3.440
6/28/2013,4.250,1.610,2.730
7/1/2013,2.680,4.250,2.610
7/2/2013,2.970,2.680,5.250
7/3/2013,3.710,2.970,3.680
7/5/2013,2.810,3.710,3.970
7/8/2013,1.170,2.810,4.710
7/9/2013,2.020,1.170,3.810
7/10/2013,2.160,2.020,2.170
7/11/2013,1.500,2.160,3.020
7/12/2013,2.110,1.500,3.160
7/15/2013,3.210,2.110,2.500
7/16/2013,1.900,3.210,3.110
7/17/2013,1.860,1.900,4.210
7/18/2013,4.950,1.860,2.900
7/19/2013,4.750,4.950,2.860
7/22/2013,2.510,4.750,5.950
7/23/2013,2.330,2.510,5.750
7/24/2013,1.440,2.330,3.510
7/25/2013,2.170,1.440,3.330
7/26/2013,2.370,2.170,2.440
7/29/2013,1.660,2.370,3.170
7/30/2013,2.020,1.660,3.370
7/31/2013,2.420,2.020,2.660
8/1/2013,1.760,2.420,3.020
8/2/2013,2.280,1.760,3.420
8/5/2013,1.530,2.280,2.760
8/6/2013,2.240,1.530,3.280
8/7/2013,1.880,2.240,2.530
8/8/2013,3.080,1.880,3.240
8/9/2013,2.160,3.080,2.880
8/12/2013,2.670,2.160,4.080
8/13/2013,2.430,2.670,3.160
8/14/2013,1.630,2.430,3.670
8/15/2013,1.550,1.630,3.430
8/16/2013,1.120,1.550,2.630
8/19/2013,2.520,1.120,2.550
8/20/2013,2.460,2.520,2.120
8/21/2013,2.290,2.460,3.520
8/22/2013,2.000,2.290,3.460
8/23/2013,1.170,2.000,3.290
8/26/2013,2.320,1.170,3.000
8/27/2013,1.930,2.320,2.170
8/28/2013,2.370,1.930,3.320
8/29/2013,2.260,2.370,2.930
8/30/2013,1.480,2.260,3.370
9/3/2013,1.810,1.480,3.260
9/4/2013,1.880,1.810,2.480
9/5/2013,1.930,1.880,2.810
9/6/2013,2.340,1.930,2.880
9/9/2013,2.180,2.340,2.930
9/10/2013,1.280,2.180,3.340
9/11/2013,4.050,1.280,3.180
9/12/2013,1.470,4.050,2.280
9/13/2013,2.100,1.470,5.050
9/16/2013,2.200,2.100,2.470
9/17/2013,2.320,2.200,3.100
9/18/2013,2.890,2.320,3.200
9/19/2013,1.670,2.890,3.320
9/20/2013,4.410,1.670,3.890
9/23/2013,3.080,4.410,2.670
9/24/2013,1.900,3.080,5.410
9/25/2013,2.120,1.900,4.080
9/26/2013,2.300,2.120,2.900
9/27/2013,2.490,2.300,3.120
9/30/2013,2.400,2.490,3.300
10/1/2013,2.000,2.400,3.490
10/2/2013,1.900,2.000,3.400
10/3/2013,1.960,1.900,3.000
10/4/2013,1.550,1.960,2.900
10/7/2013,1.460,1.550,2.960
10/8/2013,3.280,1.460,2.550
10/9/2013,2.570,3.280,2.460
10/10/2013,2.410,2.570,4.280
10/11/2013,2.110,2.410,3.570
10/14/2013,2.570,2.110,3.410
10/15/2013,1.720,2.570,3.110
10/16/2013,1.740,1.720,3.570
10/17/2013,4.430,1.740,2.720
10/18/2013,1.750,4.430,2.740
10/21/2013,2.120,1.750,5.430
10/22/2013,2.620,2.120,2.750
10/23/2013,1.590,2.620,3.120
10/24/2013,1.640,1.590,3.620
10/25/2013,2.840,1.640,2.590
10/28/2013,1.690,2.840,2.640
10/29/2013,4.820,1.690,3.840
10/30/2013,2.320,4.820,2.690
10/31/2013,2.630,2.320,5.820
11/1/2013,1.460,2.630,3.320
11/4/2013,1.460,1.460,3.630
11/5/2013,2.090,1.460,2.460
11/6/2013,1.970,2.090,2.460
11/7/2013,1.790,1.970,3.090
11/8/2013,2.730,1.790,2.970
11/11/2013,3.350,2.730,2.790
11/12/2013,1.790,3.350,3.730
11/13/2013,1.960,1.790,4.350
11/14/2013,3.540,1.960,2.790
11/15/2013,2.120,3.540,2.960
11/18/2013,1.720,2.120,4.540
11/19/2013,2.050,1.720,3.120
11/20/2013,1.590,2.050,2.720
11/21/2013,2.340,1.590,3.050
11/22/2013,5.070,2.340,2.590
11/25/2013,2.930,5.070,3.340
11/26/2013,1.630,2.930,6.070
11/27/2013,2.360,1.630,3.930
11/29/2013,1.760,2.360,2.630
12/2/2013,2.470,1.760,3.360
12/3/2013,2.590,2.470,2.760
12/4/2013,2.340,2.590,3.470
12/5/2013,1.580,2.340,3.590
12/6/2013,1.990,1.580,3.340
12/9/2013,1.320,1.990,2.580
12/10/2013,1.610,1.320,2.990
12/11/2013,2.660,1.610,2.320
12/12/2013,2.500,2.660,2.610
12/13/2013,1.650,2.500,3.660
12/16/2013,5.620,1.650,3.500
12/17/2013,2.370,5.620,2.650
12/18/2013,3.890,2.370,6.620
12/19/2013,2.660,3.890,3.370
12/20/2013,1.980,2.660,4.890
12/23/2013,2.320,1.980,3.660
12/24/2013,1.590,2.320,2.980
12/26/2013,2.050,1.590,3.320
12/27/2013,1.940,2.050,2.590
12/30/2013,2.030,1.940,3.050
12/31/2013,1.490,2.030,2.940
1/2/2014,2.200,1.490,3.030
1/3/2014,2.050,2.200,2.490
1/6/2014,2.060,2.050,3.200
1/7/2014,3.970,2.060,3.050
1/8/2014,2.160,3.970,3.060
1/9/2014,2.950,2.160,4.970
1/10/2014,2.290,2.950,3.160
1/13/2014,3.090,2.290,3.950
1/14/2014,2.550,3.090,3.290
1/15/2014,3.160,2.550,4.090
1/16/2014,2.190,3.160,3.550
1/17/2014,2.950,2.190,4.160
1/21/2014,3.600,2.950,3.190
1/22/2014,3.830,3.600,3.950
1/23/2014,3.010,3.830,4.600
1/24/2014,3.170,3.010,4.830
1/27/2014,1.990,3.170,4.010
1/28/2014,2.290,1.990,4.170
1/29/2014,2.640,2.290,2.990
1/30/2014,1.500,2.640,3.290
1/31/2014,2.500,1.500,3.640
2/3/2014,3.300,2.500,2.500
2/4/2014,1.390,3.300,3.500
2/5/2014,2.780,1.390,4.300
2/6/2014,1.060,2.780,2.390
2/7/2014,2.490,1.060,3.780
2/10/2014,1.400,2.490,2.060
2/11/2014,3.590,1.400,3.490
2/12/2014,1.990,3.590,2.400
2/13/2014,4.500,1.990,4.590
2/14/2014,3.440,4.500,2.990
2/18/2014,1.680,3.440,5.500
2/19/2014,3.240,1.680,4.440
2/20/2014,2.070,3.240,2.680
2/21/2014,3.090,2.070,4.240
2/24/2014,2.340,3.090,3.070
2/25/2014,1.720,2.340,4.090
2/26/2014,1.720,1.720,3.340
2/27/2014,2.140,1.720,2.720
2/28/2014,2.470,2.140,2.720
3/3/2014,1.820,2.470,3.140
3/4/2014,1.480,1.820,3.470
3/5/2014,1.550,1.480,2.820
3/6/2014,1.490,1.550,2.480
3/7/2014,1.740,1.490,2.550
3/10/2014,2.520,1.740,2.490
3/11/2014,2.410,2.520,2.740
3/12/2014,1.560,2.410,3.520
3/13/2014,3.290,1.560,3.410
3/14/2014,2.080,3.290,2.560
3/17/2014,3.690,2.080,4.290
3/18/2014,2.360,3.690,3.080
3/19/2014,3.200,2.360,4.690
3/20/2014,4.090,3.200,3.360
3/21/2014,2.300,4.090,4.200
3/24/2014,2.070,2.300,5.090
3/25/2014,6.700,2.070,3.300
3/26/2014,3.670,6.700,3.070
3/27/2014,3.350,3.670,7.700
3/28/2014,3.510,3.350,4.670
3/31/2014,2.370,3.510,4.350
4/1/2014,2.350,2.370,4.510
4/2/2014,2.010,2.350,3.370
4/3/2014,1.030,2.010,3.350
4/4/2014,2.690,1.030,3.010
4/7/2014,3.740,2.690,2.030
4/8/2014,1.480,3.740,3.690
4/9/2014,3.400,1.480,4.740
4/10/2014,3.550,3.400,2.480
4/11/2014,2.730,3.550,4.400
4/14/2014,2.360,2.730,4.550
4/15/2014,1.990,2.360,3.730
4/16/2014,3.710,1.990,3.360
4/17/2014,3.690,3.710,2.990
4/21/2014,3.070,3.690,4.710
4/22/2014,1.800,3.070,4.690
4/23/2014,2.300,1.800,4.070
4/24/2014,2.190,2.300,2.800
4/25/2014,1.560,2.190,3.300
4/28/2014,3.410,1.560,3.190
4/29/2014,2.530,3.410,2.560
4/30/2014,2.510,2.530,4.410
5/1/2014,3.590,2.510,3.530
5/2/2014,2.590,3.590,3.510
5/5/2014,1.690,2.590,4.590
5/6/2014,1.700,1.690,3.590
5/7/2014,3.370,1.700,2.690
5/8/2014,2.340,3.370,2.700
5/9/2014,2.220,2.340,4.370
5/12/2014,2.080,2.220,3.340
5/13/2014,1.270,2.080,3.220
5/14/2014,3.820,1.270,3.080
5/15/2014,2.900,3.820,2.270
5/16/2014,1.480,2.900,4.820
5/19/2014,1.090,1.480,3.900
5/20/2014,2.000,1.090,2.480
5/21/2014,2.210,2.000,2.090
5/22/2014,1.420,2.210,3.000
5/23/2014,0.830,1.420,3.210
5/27/2014,1.720,0.830,2.420
5/28/2014,1.940,1.720,1.830
5/29/2014,1.450,1.940,2.720
5/30/2014,2.080,1.450,2.940
6/2/2014,1.610,2.080,2.450
6/3/2014,1.640,1.610,3.080
6/4/2014,1.250,1.640,2.610
6/5/2014,2.170,1.250,2.640
6/6/2014,1.750,2.170,2.250
6/9/2014,1.680,1.750,3.170
6/10/2014,2.400,1.680,2.750
6/11/2014,2.190,2.400,2.680
6/12/2014,1.640,2.190,3.400
6/13/2014,1.480,1.640,3.190
6/16/2014,1.470,1.480,2.640
6/17/2014,1.250,1.470,2.480
6/18/2014,1.820,1.250,2.470
6/19/2014,2.110,1.820,2.250
6/20/2014,1.270,2.110,2.820
6/23/2014,1.250,1.270,3.110
6/24/2014,2.350,1.250,2.270
6/25/2014,0.910,2.350,2.250
6/26/2014,2.100,0.910,3.350
6/27/2014,2.800,2.100,1.910
6/30/2014,1.670,2.800,3.100
7/1/2014,5.570,1.670,3.800
7/2/2014,2.820,5.570,2.670
7/3/2014,1.460,2.820,6.570
7/7/2014,0.830,1.460,3.820
7/8/2014,1.710,0.830,2.460
7/9/2014,2.010,1.710,1.830
7/10/2014,1.840,2.010,2.710
7/11/2014,1.640,1.840,3.010
7/14/2014,1.910,1.640,2.840
7/15/2014,1.870,1.910,2.640
7/16/2014,2.600,1.870,2.910
7/17/2014,3.950,2.600,2.870
7/18/2014,3.440,3.950,3.600
7/21/2014,2.450,3.440,4.950
7/22/2014,3.160,2.450,4.440
7/23/2014,1.330,3.160,3.450
7/24/2014,1.870,1.330,4.160
7/25/2014,2.110,1.870,2.330
7/28/2014,2.750,2.110,2.870
7/29/2014,1.350,2.750,3.110
7/30/2014,3.090,1.350,3.750
7/31/2014,2.750,3.090,2.350
8/1/2014,2.640,2.750,4.090
8/4/2014,1.350,2.640,3.750
8/5/2014,2.760,1.350,3.640
8/6/2014,2.440,2.760,2.350
8/7/2014,3.100,2.440,3.760
8/8/2014,3.090,3.100,3.440
8/11/2014,2.080,3.090,4.100
8/12/2014,1.880,2.080,4.090
8/13/2014,1.110,1.880,3.080
8/14/2014,1.240,1.110,2.880
8/15/2014,2.090,1.240,2.110
8/18/2014,2.050,2.090,2.240
8/19/2014,0.890,2.050,3.090
8/20/2014,1.140,0.890,3.050
8/21/2014,1.570,1.140,1.890
8/22/2014,1.590,1.570,2.140
8/25/2014,1.100,1.590,2.570
8/26/2014,2.510,1.100,2.590
8/27/2014,2.570,2.510,2.100
8/28/2014,1.640,2.570,3.510
8/29/2014,1.610,1.640,3.570
9/2/2014,2.040,1.610,2.640
9/3/2014,1.090,2.040,2.610
9/4/2014,2.630,1.090,3.040
9/5/2014,1.660,2.630,2.090
9/8/2014,1.690,1.660,3.630
9/9/2014,0.960,1.690,2.660
9/10/2014,2.050,0.960,2.690
9/11/2014,2.660,2.050,1.960
9/12/2014,1.030,2.660,3.050
9/15/2014,1.910,1.030,3.660
9/16/2014,2.750,1.910,2.030
9/17/2014,1.340,2.750,2.910
9/18/2014,1.420,1.340,3.750
9/19/2014,1.810,1.420,2.340
9/22/2014,1.510,1.810,2.420
9/23/2014,1.550,1.510,2.810
9/24/2014,2.570,1.550,2.510
9/25/2014,3.530,2.570,2.550
9/26/2014,1.720,3.530,3.570
9/29/2014,1.840,1.720,4.530
9/30/2014,1.700,1.840,2.720
10/1/2014,3.610,1.700,2.840
10/2/2014,1.540,3.610,2.700
10/3/2014,1.810,1.540,4.610
10/6/2014,2.180,1.810,2.540
10/7/2014,2.580,2.180,2.810
10/8/2014,3.990,2.580,3.180
10/9/2014,3.410,3.990,3.580
10/10/2014,2.640,3.410,4.990
10/13/2014,3.230,2.640,4.410
10/14/2014,2.130,3.230,3.640
10/15/2014,5.040,2.130,4.230
10/16/2014,2.790,5.040,3.130
10/17/2014,2.620,2.790,6.040
10/20/2014,3.640,2.620,3.790
10/21/2014,5.000,3.640,3.620
10/22/2014,4.310,5.000,4.640
10/23/2014,1.290,4.310,6.000
10/24/2014,0.990,1.290,5.310
10/27/2014,1.100,0.990,2.290
10/28/2014,1.800,1.100,1.990
10/29/2014,1.860,1.800,2.100
10/30/2014,1.600,1.860,2.800
10/31/2014,1.970,1.600,2.860
11/3/2014,1.160,1.970,2.600
11/4/2014,2.120,1.160,2.970
11/5/2014,1.980,2.120,2.160
11/6/2014,1.480,1.980,3.120
11/7/2014,1.360,1.480,2.980
11/10/2014,2.860,1.360,2.480
11/11/2014,1.300,2.860,2.360
11/12/2014,1.240,1.300,3.860
11/13/2014,1.000,1.240,2.300
11/14/2014,2.800,1.000,2.240
11/17/2014,1.250,2.800,2.000
11/18/2014,2.860,1.250,3.800
11/19/2014,1.140,2.860,2.250
11/20/2014,1.700,1.140,3.860
11/21/2014,1.200,1.700,2.140
11/24/2014,2.800,1.200,2.700
11/25/2014,1.940,2.800,2.200
11/26/2014,1.090,1.940,3.800
11/28/2014,1.930,1.090,2.940
12/1/2014,1.970,1.930,2.090
12/2/2014,1.090,1.970,2.930
12/3/2014,2.520,1.090,2.970
12/4/2014,1.490,2.520,2.090
12/5/2014,1.590,1.490,3.520
12/8/2014,1.750,1.590,2.490
12/9/2014,2.220,1.750,2.590
12/10/2014,3.300,2.220,2.750
12/11/2014,2.410,3.300,3.220
12/12/2014,5.170,2.410,4.300
12/15/2014,3.900,5.170,3.410
12/16/2014,4.390,3.900,6.170
12/17/2014,2.200,4.390,4.900
12/18/2014,4.380,2.200,5.390
12/19/2014,2.920,4.380,3.200
12/22/2014,3.580,2.920,5.380
12/23/2014,1.290,3.580,3.920
12/24/2014,1.380,1.290,4.580
12/26/2014,1.080,1.380,2.290
12/29/2014,2.890,1.080,2.380
12/30/2014,1.030,2.890,2.080
12/31/2014,1.120,1.030,3.890
1/2/2015,2.310,1.120,2.030
1/5/2015,2.080,2.310,2.120
1/6/2015,4.790,2.080,3.310
1/7/2015,3.170,4.790,3.080
1/8/2015,3.490,3.170,5.790
1/9/2015,3.090,3.490,4.170
1/12/2015,3.490,3.090,4.490
1/13/2015,4.290,3.490,4.090
1/14/2015,2.750,4.290,4.490
1/15/2015,2.810,2.750,5.290
1/16/2015,3.810,2.810,3.750
1/20/2015,3.300,3.810,3.810
1/21/2015,3.430,3.300,4.810
1/22/2015,3.960,3.430,4.300
1/23/2015,2.710,3.960,4.430
1/26/2015,3.690,2.710,4.960
1/27/2015,2.500,3.690,3.710
1/28/2015,2.980,2.500,4.690
1/29/2015,6.060,2.980,3.500
1/30/2015,2.200,6.060,3.980
2/2/2015,3.150,2.200,7.060
2/3/2015,3.850,3.150,3.200
2/4/2015,2.010,3.850,4.150
2/5/2015,1.440,2.010,4.850
2/6/2015,1.850,1.440,3.010
2/9/2015,2.100,1.850,2.440
2/10/2015,3.480,2.100,2.850
2/11/2015,1.920,3.480,3.100
2/12/2015,1.410,1.920,4.480
2/13/2015,2.160,1.410,2.920
2/17/2015,1.680,2.160,2.410
2/18/2015,1.830,1.680,3.160
2/19/2015,3.050,1.830,2.680
2/20/2015,2.250,3.050,2.830
2/23/2015,1.900,2.250,4.050
2/24/2015,3.480,1.900,3.250
2/25/2015,2.380,3.480,2.900
2/26/2015,4.370,2.380,4.480
2/27/2015,2.130,4.370,3.380
3/2/2015,2.130,2.130,5.370
3/3/2015,1.750,2.130,3.130
3/4/2015,1.840,1.750,3.130
3/5/2015,1.800,1.840,2.750
3/6/2015,3.380,1.800,2.840
3/9/2015,2.950,3.380,2.800
3/10/2015,2.420,2.950,4.380
3/11/2015,3.200,2.420,3.950
3/12/2015,2.450,3.200,3.420
3/13/2015,4.120,2.450,4.200
3/16/2015,2.290,4.120,3.450
3/17/2015,1.920,2.290,5.120
3/18/2015,4.900,1.920,3.290
3/19/2015,2.110,4.900,2.920
3/20/2015,2.650,2.110,5.900
3/23/2015,2.620,2.650,3.110
3/24/2015,1.990,2.620,3.650
3/25/2015,3.880,1.990,3.620
3/26/2015,2.340,3.880,2.990
3/27/2015,1.670,2.340,4.880
3/30/2015,2.350,1.670,3.340
3/31/2015,1.930,2.350,2.670
4/1/2015,2.230,1.930,3.350
4/2/2015,3.650,2.230,2.930
4/6/2015,4.100,3.650,3.230
4/7/2015,2.220,4.100,4.650
4/8/2015,2.540,2.220,5.100
4/9/2015,1.750,2.540,3.220
4/10/2015,2.080,1.750,3.540
4/13/2015,1.640,2.080,2.750
4/14/2015,1.950,1.640,3.080
4/15/2015,2.460,1.950,2.640
4/16/2015,1.440,2.460,2.950
4/17/2015,1.830,1.440,3.460
4/20/2015,4.740,1.830,2.440
4/21/2015,3.330,4.740,2.830
4/22/2015,3.110,3.330,5.740
4/23/2015,6.770,3.110,4.330
4/24/2015,2.110,6.770,4.110
4/27/2015,1.190,2.110,7.770
4/28/2015,4.670,1.190,3.110
4/29/2015,2.330,4.670,2.190
4/30/2015,3.980,2.330,5.670
5/1/2015,1.580,3.980,3.330
5/4/2015,2.600,1.580,4.980
5/5/2015,2.270,2.600,2.580
5/6/2015,5.190,2.270,3.600
5/7/2015,2.940,5.190,3.270
5/8/2015,1.090,2.940,6.190
5/11/2015,2.130,1.090,3.940
5/12/2015,2.650,2.130,2.090
5/13/2015,1.990,2.650,3.130
5/14/2015,1.180,1.990,3.650
5/15/2015,1.810,1.180,2.990
5/18/2015,1.190,1.810,2.180
5/19/2015,1.820,1.190,2.810
5/20/2015,1.980,1.820,2.190
5/21/2015,1.100,1.980,2.820
5/22/2015,1.200,1.100,2.980
5/26/2015,2.990,1.200,2.100
5/27/2015,1.990,2.990,2.200
5/28/2015,1.180,1.990,3.990
5/29/2015,1.700,1.180,2.990
6/1/2015,2.010,1.700,2.180
6/2/2015,2.020,2.010,2.700
6/3/2015,1.930,2.020,3.010
6/4/2015,2.670,1.930,3.020
6/5/2015,1.710,2.670,2.930
6/8/2015,2.260,1.710,3.670
6/9/2015,2.650,2.260,2.710
6/10/2015,3.330,2.650,3.260
6/11/2015,1.900,3.330,3.650
6/12/2015,1.610,1.900,4.330
6/15/2015,2.740,1.610,2.900
6/16/2015,1.490,2.740,2.610
6/17/2015,1.750,1.490,3.740
6/18/2015,1.670,1.750,2.490
6/19/2015,1.650,1.670,2.750
6/22/2015,1.140,1.650,2.670
6/23/2015,2.400,1.140,2.650
6/24/2015,2.010,2.400,2.140
6/25/2015,2.050,2.010,3.400
6/26/2015,1.580,2.050,3.010
6/29/2015,2.460,1.580,3.050
6/30/2015,1.880,2.460,2.580
7/1/2015,2.010,1.880,3.460
7/2/2015,0.900,2.010,2.880
7/6/2015,1.710,0.900,3.010
7/7/2015,3.120,1.710,1.900
7/8/2015,2.260,3.120,2.710
7/9/2015,1.810,2.260,4.120
7/10/2015,1.880,1.810,3.260
7/13/2015,2.370,1.880,2.810
7/14/2015,1.300,2.370,2.880
7/15/2015,1.270,1.300,3.370
7/16/2015,1.930,1.270,2.300
7/17/2015,2.420,1.930,2.270
7/20/2015,1.640,2.420,2.930
7/21/2015,4.330,1.640,3.420
7/22/2015,3.370,4.330,2.640
7/23/2015,2.920,3.370,5.330
7/24/2015,2.520,2.920,4.370
7/27/2015,1.580,2.520,3.920
7/28/2015,1.690,1.580,3.520
7/29/2015,2.110,1.690,2.580
7/30/2015,1.650,2.110,2.690
7/31/2015,1.430,1.650,3.110
8/3/2015,3.950,1.430,2.650
8/4/2015,1.950,3.950,2.430
8/5/2015,2.060,1.950,4.950
8/6/2015,1.360,2.060,2.950
8/7/2015,1.910,1.360,3.060
8/10/2015,1.350,1.910,2.360
8/11/2015,1.130,1.350,2.910
8/12/2015,2.570,1.130,2.350
8/13/2015,1.770,2.570,2.130
8/14/2015,1.630,1.770,3.570
8/17/2015,1.990,1.630,2.770
8/18/2015,1.270,1.990,2.630
8/19/2015,2.260,1.270,2.990
8/20/2015,1.410,2.260,2.270
8/21/2015,4.490,1.410,3.260
8/24/2015,4.760,4.490,2.410
8/25/2015,6.490,4.760,5.490
8/26/2015,4.840,6.490,5.760
8/27/2015,3.310,4.840,7.490
8/28/2015,1.020,3.310,5.840
8/31/2015,2.140,1.020,4.310
9/1/2015,3.130,2.140,2.020
9/2/2015,1.900,3.130,3.140
9/3/2015,2.260,1.900,4.130
9/4/2015,2.080,2.260,2.900
9/8/2015,1.680,2.080,3.260
9/9/2015,4.190,1.680,3.080
9/10/2015,2.650,4.190,2.680
9/11/2015,1.830,2.650,5.190
9/14/2015,1.960,1.830,3.650
9/15/2015,2.170,1.960,2.830
9/16/2015,1.350,2.170,2.960
9/17/2015,2.380,1.350,3.170
9/18/2015,2.410,2.380,2.350
9/21/2015,2.060,2.410,3.380
9/22/2015,1.290,2.060,3.410
9/23/2015,1.820,1.290,3.060
9/24/2015,3.120,1.820,2.290
9/25/2015,1.740,3.120,2.820
9/28/2015,2.910,1.740,4.120
9/29/2015,1.510,2.910,2.740
9/30/2015,2.050,1.510,3.910
10/1/2015,4.080,2.050,2.510
10/2/2015,4.030,4.080,3.050
10/5/2015,4.070,4.030,5.080
10/6/2015,1.660,4.070,5.030
10/7/2015,1.870,1.660,5.070
10/8/2015,3.730,1.870,2.660
10/9/2015,1.880,3.730,2.870
10/12/2015,1.730,1.880,4.730
10/13/2015,1.600,1.730,2.880
10/14/2015,1.630,1.600,2.730
10/15/2015,2.660,1.630,2.600
10/16/2015,1.940,2.660,2.630
10/19/2015,1.590,1.940,3.660
10/20/2015,2.610,1.590,2.940
10/21/2015,3.360,2.610,2.590
10/22/2015,3.450,3.360,3.610
10/23/2015,1.790,3.450,4.360
10/26/2015,1.790,1.790,4.450
10/27/2015,6.500,1.790,2.790
10/28/2015,3.730,6.500,2.790
10/29/2015,1.800,3.730,7.500
10/30/2015,1.430,1.800,4.730
11/2/2015,0.950,1.430,2.800
11/3/2015,2.900,0.950,2.430
11/4/2015,1.350,2.900,1.950
11/5/2015,2.750,1.350,3.900
11/6/2015,1.680,2.750,2.350
11/9/2015,3.200,1.680,3.750
11/10/2015,1.620,3.200,2.680
11/11/2015,1.700,1.620,4.200
11/12/2015,1.690,1.700,2.620
11/13/2015,1.350,1.690,2.700
11/16/2015,2.300,1.350,2.690
11/17/2015,1.510,2.300,2.350
11/18/2015,1.650,1.510,3.300
11/19/2015,1.730,1.650,2.510
11/20/2015,1.670,1.730,2.650
11/23/2015,1.750,1.670,2.730
11/24/2015,2.030,1.750,2.670
11/25/2015,1.050,2.030,2.750
11/27/2015,1.600,1.050,3.030
11/30/2015,1.380,1.600,2.050
12/1/2015,1.820,1.380,2.600
12/2/2015,1.710,1.820,2.380
12/3/2015,2.540,1.710,2.820
12/4/2015,3.030,2.540,2.710
12/7/2015,1.600,3.030,3.540
12/8/2015,1.530,1.600,4.030
12/9/2015,3.610,1.530,2.600
12/10/2015,2.130,3.610,2.530
12/11/2015,1.530,2.130,4.610
12/14/2015,2.120,1.530,3.130
12/15/2015,1.690,2.120,2.530
12/16/2015,1.860,1.690,3.120
12/17/2015,3.190,1.860,2.690
12/18/2015,2.690,3.190,2.860
12/21/2015,1.810,2.690,4.190
12/22/2015,2.540,1.810,3.690
12/23/2015,1.200,2.540,2.810
12/24/2015,0.770,1.200,3.540
12/28/2015,1.500,0.770,2.200
12/29/2015,1.860,1.500,1.770
12/30/2015,1.220,1.860,2.500
12/31/2015,1.530,1.220,2.860
1/4/2016,1.730,1.530,2.220
1/5/2016,2.040,1.730,2.530
1/6/2016,1.960,2.040,2.730
1/7/2016,2.590,1.960,3.040
1/8/2016,2.500,2.590,2.960
1/11/2016,2.060,2.500,3.590
1/12/2016,2.650,2.060,3.500
1/13/2016,3.180,2.650,3.060
1/14/2016,2.570,3.180,3.650
1/15/2016,2.010,2.570,4.180
1/19/2016,4.040,2.010,3.570
1/20/2016,5.990,4.040,3.010
1/21/2016,4.520,5.990,5.040
1/22/2016,2.970,4.520,6.990
1/25/2016,2.590,2.970,5.520
1/26/2016,1.370,2.590,3.970
1/27/2016,2.720,1.370,3.590
1/28/2016,1.820,2.720,2.370
1/29/2016,1.830,1.820,3.720
2/1/2016,1.580,1.830,2.820
2/2/2016,1.500,1.580,2.830
2/3/2016,3.160,1.500,2.580
2/4/2016,3.500,3.160,2.500
2/5/2016,2.790,3.500,4.160
